Date,Hours,Wages,Labor Productivity,Labor Participation,Industrial Production,Capacity Utilization,Inventories,Retail Sales,LMV Sales,Durable Goods Orders,Comm & Ind loans,Consumer Credit,CPI,CPI Food,CPI Energy,PCE,PCE ex Food & Energy,PPI Finished Goods,PPI Fin Goods ex Food & Energy,PPI Processed Goods,PPI Unprocessed Goods,House Price Index,WTI Crude,M1,M2,Real GDP,Real PCE,Real Private Investment,Real Pot GDP,Real Pers Income,Personal Saving Rate,VIX Index,IG Index,HY Index,Fed Funds,US10Y,AAA Yield,BBB Yield,Mortgage Rate,US10-FedFunds,"US10-FedFunds [abs, prior]"
04/01/92,0.00245700,0.00656045,0.00851761,0.00452489,0.01807618,0.01177207,0.00835096,0.00116675,0.02231076,0.06049625,-0.01258521,-0.00228933,0.00764405,0.00240700,0.00918065,0.00652866,0.00705219,0.00572691,0.00675828,0.00765172,0.02427533,-0.00023145,0.12275132,0.02759442,0.00064801,0.01084264,0.00678831,0.05655608,0.00596095,0.00978197,0.02061856,-1.94000000,0.02367398,0.02531379,-0.26000000,0.12000000,0.01000000,-0.07000000,-0.01000000,0.38000000,3.23000000
07/01/92,0.00000000,0.00558659,0.00893292,0.00000000,0.00792644,0.00123778,0.01135535,0.00853777,-0.00389712,-0.02523015,-0.00705324,0.00229458,0.00765763,0.00582115,0.01340115,0.00648632,0.00591348,0.00439274,0.00246140,0.00549882,0.01700000,0.01140178,0.02120641,0.02674810,0.00111857,0.00988071,0.01071841,0.00794408,0.00605114,0.00402727,-0.07070707,-1.72000000,0.05439132,0.05560115,-0.48000000,-0.74000000,-0.29000000,-0.41000000,-0.66000000,-0.26000000,3.61000000
10/01/92,0.00245098,0.00648148,0.00595621,-0.00450450,0.01006606,0.00420324,0.00597278,0.01150503,0.03912363,0.03336440,-0.00262406,0.00429093,0.00873580,0.00412356,0.01254826,0.00691606,0.00727104,0.00566939,0.00498512,-0.00026042,0.00491642,0.00503577,-0.05491463,0.04082051,0.00705675,0.01042904,0.01191848,0.03050966,0.00609823,0.00863202,-0.04347826,0.86000000,0.00951952,0.00913508,-0.26000000,0.08000000,0.03000000,0.14000000,0.17000000,0.34000000,3.35000000
01/01/93,0.00244499,0.00827967,-0.00864138,-0.00150830,0.00918717,0.00393943,0.01015660,0.00519040,-0.02259036,0.00374355,-0.00554680,0.01190847,0.00732240,0.00453890,-0.00162059,0.00593194,0.00691138,0.00426834,0.00592285,0.00607797,-0.00655577,0.00045550,-0.03173828,0.01901853,-0.00289051,0.00166972,0.00383383,0.02357670,0.00614984,-0.00459480,-0.01136364,-1.50000000,0.04249761,0.04115306,0.00000000,-0.42000000,-0.28000000,-0.43000000,-0.47000000,-0.42000000,3.69000000
04/01/93,0.00243902,0.00456204,-0.00581114,0.00151057,0.00200586,-0.00232986,0.00965430,0.01600138,0.09476117,0.01824240,-0.00920075,0.01078353,0.00719927,0.00788926,-0.00343741,0.00667287,0.00762660,0.00665597,0.00463679,0.00457409,0.02629765,0.00956121,-0.00453858,0.02785030,0.00442154,0.00582152,0.00909613,0.00575841,0.00627812,0.00804427,-0.05747126,-0.29000000,0.02958074,0.03520996,-0.04000000,-0.31000000,-0.31000000,-0.28000000,-0.27000000,-0.27000000,3.27000000
07/01/93,0.00243309,0.00544959,0.00438383,0.00000000,0.00384971,-0.00073746,0.00477745,0.01386074,-0.03589022,0.00153071,-0.00163274,0.01666037,0.00464955,0.00355796,-0.01053943,0.00447048,0.00560097,-0.00924082,-0.00754579,-0.00111684,-0.02879079,0.00811771,-0.09777102,0.02954182,0.00478106,0.00477164,0.01112967,-0.00679302,0.00633196,0.00135233,-0.10975610,-0.85000000,0.03977205,0.04032642,0.05000000,-0.36000000,-0.51000000,-0.49000000,-0.36000000,-0.41000000,3.00000000
10/01/93,0.00242718,0.00722674,0.00387973,0.00000000,0.01549317,0.01008610,0.00866301,0.01149664,0.06642336,0.03223618,-0.00536618,0.02612633,0.00828901,0.00950152,0.01162003,0.00567833,0.00511817,-0.00032162,-0.00103344,0.00086007,0.01581028,0.00816418,-0.07748456,0.02558713,0.00594789,0.01360139,0.00877844,0.05254401,0.00638180,0.00969420,-0.02739726,0.30000000,0.01718429,0.01792156,-0.05000000,-0.04000000,-0.08000000,-0.11000000,-0.04000000,0.01000000,2.59000000
01/01/94,0.00000000,0.00807175,0.00289855,0.00452489,0.01238671,0.00547979,0.00851994,0.01432207,0.03148528,0.03793012,0.01067037,0.02876488,0.00500103,0.00280958,-0.00708337,0.00366244,0.00464280,0.00514759,0.00738934,0.00395291,0.00418288,0.00626768,-0.09738284,0.01220707,0.00282657,0.00970372,0.01143817,0.03809297,0.00641953,0.00366829,-0.05633803,1.02000000,-0.00836280,-0.00039375,0.19000000,0.44000000,0.30000000,0.28000000,0.25000000,0.25000000,2.60000000
04/01/94,0.01210654,0.00444840,0.00096339,-0.00150150,0.01820352,0.01005208,0.01698941,0.01356659,-0.01128069,0.03842907,0.02492840,0.03568835,0.00565781,0.00420256,-0.00510942,0.00547362,0.00670841,0.00128031,0.00440109,0.00462210,-0.00319675,0.00595304,0.20229265,0.00633803,0.00201329,0.01355136,0.00777970,0.04918066,0.00644454,0.01430287,0.02985075,1.07000000,-0.03933665,-0.03590119,0.73000000,1.01000000,0.77000000,0.73000000,1.13000000,0.28000000,2.85000000
07/01/94,-0.00239234,0.00620018,-0.00577478,0.00000000,0.01274912,0.00335731,0.02307757,0.01141684,-0.00604027,0.01951975,0.02706680,0.03478728,0.00928625,0.01136918,0.02490310,0.00725843,0.00547905,0.00639335,0.00438180,0.01388771,-0.01846453,0.00410959,0.03589456,0.00691043,0.00080370,0.00584630,0.00762504,-0.01633796,0.00653703,0.00495623,-0.02898551,-1.99000000,0.00453662,0.00904687,0.57000000,0.28000000,0.26000000,0.28000000,0.16000000,-0.29000000,3.13000000
10/01/94,0.00239808,0.00792254,0.01048725,0.00300752,0.02040226,0.01027725,0.02022876,0.01509623,0.03983795,0.03595465,0.02694914,0.04019313,0.00584285,0.00620690,0.00122908,0.00465396,0.00515464,0.00111173,0.00072711,0.01571429,-0.01158416,-0.00081855,-0.04493774,-0.00043437,-0.00020076,0.01145516,0.01081148,0.04113810,0.00659892,0.01264659,0.04477612,2.75000000,-0.01085044,-0.00526377,0.68000000,0.51000000,0.40000000,0.37000000,0.52000000,-0.17000000,2.84000000
01/01/95,-0.00239234,0.00611354,0.00079834,0.00149925,0.01035167,0.00023657,0.02557365,-0.00692666,-0.05454545,0.01134772,0.04218463,0.03914902,0.00734460,0.00774503,-0.00217186,0.00493126,0.00527473,0.00872531,0.00777447,0.02258625,0.02604428,0.00524304,0.04195011,-0.00182513,0.00146299,0.00354789,0.00248853,0.01050367,0.00660971,0.00752898,0.07142857,-3.28000000,0.04132819,0.03907658,0.60000000,-0.36000000,-0.29000000,-0.33000000,-0.32000000,-0.96000000,2.67000000
04/01/95,-0.01438849,0.00694444,0.00462668,-0.00299401,0.00308772,-0.00745033,0.02280618,0.00723889,-0.00618132,-0.00637135,0.03012846,0.03525459,0.00815271,0.00795756,0.00340683,0.00579926,0.00583005,0.00471809,0.00648882,0.01318770,0.00585766,0.01646202,0.05223069,-0.00191554,0.00945261,0.00298323,0.00876639,-0.02077037,0.00668689,0.00539203,-0.09333333,0.20000000,0.07077782,0.07068107,0.25000000,-0.88000000,-0.64000000,-0.66000000,-0.87000000,-1.13000000,1.71000000
07/01/95,0.00243309,0.00862069,0.00000000,0.00000000,0.00965440,-0.00166806,0.01196401,0.00956752,0.02004147,0.02018755,0.02566985,0.03261579,0.00506246,0.00357625,-0.00811091,0.00413956,0.00478192,0.00180011,0.00429799,0.00271500,-0.01873241,0.01539366,-0.07600827,-0.00174474,0.01762152,0.00850734,0.00906309,-0.00595706,0.00671505,0.00909837,-0.01470588,0.28000000,0.03148099,0.03402676,-0.23000000,-0.28000000,-0.21000000,-0.16000000,-0.22000000,-0.05000000,0.58000000
10/01/95,-0.00242718,0.00683761,0.00539940,-0.00150150,0.00803769,-0.00429646,0.00932552,0.00550221,0.02439024,0.02467522,0.01264183,0.03435289,0.00542945,0.00632018,-0.01045926,0.00426973,0.00504759,0.00625000,0.00763195,-0.00191128,0.03036597,0.00768542,0.01454952,-0.00987503,0.00967598,0.00679108,0.00697504,0.02483169,0.00684830,0.01000425,-0.02985075,0.43000000,0.04335722,0.04028712,-0.02000000,-0.42000000,-0.44000000,-0.42000000,-0.36000000,-0.40000000,0.53000000
01/01/96,-0.00973236,0.00764007,0.00616016,0.00000000,0.00701127,-0.00647249,0.00499869,0.00601046,-0.00066138,-0.00703732,0.01847296,0.03000505,0.00891347,0.00801764,0.03228596,0.00557103,0.00387430,0.00908385,0.00212359,-0.00047874,0.05980609,0.01123126,0.08990623,-0.01015004,0.01231738,0.00749041,0.00922304,0.01606211,0.00694837,0.00992992,0.00000000,2.50000000,0.01388477,0.01754130,-0.41000000,0.00000000,0.05000000,0.06000000,-0.07000000,0.41000000,0.13000000
04/01/96,0.01474201,0.00926706,0.00973312,0.00300752,0.02143345,0.00747979,0.00264140,0.01093012,0.00595632,0.03048637,0.01697840,0.02434892,0.00857677,0.00927951,0.03481337,0.00670652,0.00485992,0.00815573,0.00254291,0.00502914,0.02961957,0.00160141,0.09868421,-0.00240749,0.01211295,0.01667927,0.01075769,0.04804908,0.00735531,0.01245587,-0.03076923,0.97000000,-0.02563478,-0.02177546,-0.11000000,0.82000000,0.57000000,0.59000000,0.83000000,0.93000000,0.54000000
07/01/96,0.00484262,0.00918197,0.00357587,0.00149925,0.01296445,-0.00107772,0.00651561,0.00180562,-0.01315789,0.00083963,0.01852732,0.02370297,0.00575448,0.01116438,-0.01169380,0.00434468,0.00455192,0.00358696,0.00211372,-0.00135028,0.00466262,0.00448708,0.02901889,-0.01376475,0.00940726,0.00897008,0.00605499,0.04542560,0.00785182,0.00950547,0.01587302,0.41000000,0.01745611,0.01923359,0.04000000,0.06000000,-0.02000000,0.00000000,0.05000000,0.02000000,1.47000000
10/01/96,0.00000000,0.00909843,0.00092951,0.00299401,0.01372213,-0.00035963,0.00502967,0.00975013,0.00466667,0.02476051,0.02902452,0.01901216,0.00870947,0.01298954,0.02002366,0.00677722,0.00566412,0.00836502,0.00000000,0.00270421,0.02189142,0.00780448,0.10250671,-0.01803516,0.01353877,0.01038437,0.00796426,-0.00132993,0.00832054,0.00851636,-0.04687500,0.43000000,0.04276866,0.04482973,0.00000000,-0.42000000,-0.35000000,-0.36000000,-0.45000000,-0.42000000,1.49000000
01/01/97,0.00240964,0.00983607,-0.00201207,0.00000000,0.01900299,0.00431706,0.00509807,0.01048036,0.01061712,0.00248003,0.02189904,0.01533323,0.00605029,0.00230814,0.02079058,0.00443999,0.00394255,0.00128205,0.00189833,0.00261759,0.00428449,0.00825352,-0.07226959,-0.00553761,0.01367409,0.00645385,0.01054120,0.02018252,0.00876318,0.01288074,-0.01639344,2.71000000,0.00485574,0.00857208,-0.05000000,0.19000000,0.18000000,0.14000000,0.09000000,0.24000000,1.07000000
04/01/97,0.00240385,0.00811688,0.01473325,0.00149254,0.01430579,-0.00107463,0.00956500,-0.00445513,-0.04596192,0.03572737,0.02519358,0.01354790,0.00231786,0.00217489,-0.03907343,0.00242407,0.00518934,-0.00933946,-0.00021053,-0.00735759,-0.08105802,0.00823648,-0.12822757,-0.01197216,0.01125435,0.01665226,0.00450188,0.06137358,0.00914331,0.01109650,0.05000000,0.00000000,0.01041520,0.01163531,0.29000000,0.16000000,0.16000000,0.13000000,0.14000000,-0.13000000,1.31000000
07/01/97,0.00000000,0.01127214,0.00825309,0.00149031,0.02342274,0.00621563,0.01026318,0.01677439,0.04748796,0.03194407,0.01721943,0.01278020,0.00500000,0.00612753,0.00791413,0.00270270,0.00237198,-0.00174865,-0.00070190,-0.00135491,-0.00529248,0.01363204,-0.00602410,0.00432087,0.01562701,0.01248577,0.01703766,0.01389549,0.00955040,0.01498136,-0.07936508,2.53000000,0.04420300,0.04739869,0.02000000,-0.45000000,-0.40000000,-0.43000000,-0.46000000,-0.47000000,1.18000000
10/01/97,0.00479616,0.01194268,0.00469911,0.00000000,0.02534761,0.00653362,0.01122909,-0.00083399,0.01905388,0.01640459,0.02030623,0.01594742,0.00541045,0.00570957,0.00180505,0.00312101,0.00320156,0.00251333,0.00042144,0.00135674,0.05171287,0.01300371,0.00808081,0.00037411,0.01563963,0.00853900,0.01195145,0.01468362,0.00985171,0.01802121,0.03448276,4.64000000,0.03094846,0.03178484,-0.04000000,-0.34000000,-0.29000000,-0.32000000,-0.26000000,-0.30000000,0.71000000
01/01/98,-0.00477327,0.00944138,0.00920338,-0.00148810,0.01128045,-0.00814351,0.01267647,0.00501515,-0.04900064,-0.01900298,0.02596444,0.00777633,0.00204120,0.00630795,-0.05135135,0.00014142,0.00291383,-0.00782496,0.00238714,-0.01036104,-0.10331055,0.01498438,-0.20140281,0.00617053,0.01823935,0.01003697,0.01011616,0.04387551,0.01011844,0.02389516,0.16666667,-5.77000000,0.02919991,0.02656523,0.01000000,-0.32000000,-0.22000000,-0.19000000,-0.16000000,-0.33000000,0.41000000
04/01/98,-0.00719424,0.01013250,0.00508297,-0.00149031,0.00664531,-0.01225607,0.00707635,0.01915091,0.09694915,0.00243406,0.01838846,0.03022417,0.00327160,0.00338494,-0.02117759,0.00169683,0.00304372,-0.00053599,0.00490299,-0.00620118,-0.01910324,0.00894446,-0.08155583,0.00102211,0.01869571,0.00925712,0.01760848,-0.00619283,0.01041860,0.01704758,-0.04285714,0.21000000,0.01634398,0.01583445,-0.04000000,0.00000000,-0.03000000,0.00000000,0.05000000,0.04000000,0.08000000
07/01/98,0.00000000,0.00771605,0.01368437,0.00149254,0.00754450,-0.00915552,0.00481279,-0.00466352,-0.08343634,-0.00529472,0.03114278,0.01640028,0.00516828,0.00518523,-0.00814980,0.00310559,0.00358621,-0.00022983,0.00278804,-0.00591572,-0.05015136,0.01401268,-0.02868852,-0.00027847,0.01693531,0.01258917,0.01304069,0.02597635,0.01058530,0.01249852,-0.04477612,8.22000000,0.02416296,0.01742146,0.07000000,-0.36000000,-0.14000000,-0.13000000,-0.23000000,-0.43000000,0.12000000
10/01/98,0.00000000,0.00842266,0.00763023,0.00149031,0.01392301,-0.00097264,0.00836495,0.02470656,0.10721510,0.01589526,0.03648142,0.01684159,0.00465202,0.00807955,-0.01300988,0.00267380,0.00316108,0.00383142,0.00625565,-0.00684764,-0.01657282,0.01179788,-0.09071730,0.01392758,0.02591298,0.01609212,0.01444700,0.03038712,0.01075585,0.00948736,-0.09375000,-0.21000000,0.02512280,0.01003095,-0.68000000,-0.58000000,-0.16000000,0.11000000,-0.11000000,0.10000000,-0.31000000
01/01/99,-0.00241546,0.00987092,0.01383428,-0.00148810,0.01107778,-0.00194718,0.00677139,0.01495263,-0.00548112,0.03227762,0.00202652,0.02091938,0.00365564,0.00616523,-0.01119921,0.00196491,0.00246609,0.00358779,0.00621676,-0.00656653,-0.02916712,0.01049893,0.01856148,0.00467033,0.01770625,0.00939456,0.01027143,0.02755819,0.01091673,0.00918700,0.01724138,-2.29000000,0.00596968,0.01264693,-0.14000000,0.30000000,0.06000000,0.15000000,0.12000000,0.44000000,-0.21000000
04/01/99,0.00000000,0.00902256,0.00359092,0.00000000,0.00958685,-0.00243873,0.01161653,0.01330343,0.02694427,-0.00936488,0.00749359,0.01890170,0.00752747,0.00287990,0.05211988,0.00574310,0.00355337,0.00608504,0.00041189,0.00991490,0.05741627,0.01337808,0.34016705,0.00419287,0.01457014,0.00834735,0.01531309,0.00050367,0.01099469,0.00264730,-0.23728814,-2.85000000,-0.01069727,-0.00149408,0.02000000,0.55000000,0.51000000,0.33000000,0.30000000,0.53000000,0.23000000
07/01/99,0.00484262,0.00968703,0.00915987,-0.00149031,0.00904364,-0.00195575,0.01052408,0.01388608,0.02206321,0.02875730,0.02218677,0.02304581,0.00741098,0.00342152,0.04153568,0.00543175,0.00367697,0.00982838,0.00185274,0.01472634,0.07366095,0.01415415,0.23059490,-0.00308614,0.01491838,0.01325861,0.01124305,0.02752731,0.01104085,0.00872451,-0.08888889,-1.08000000,-0.01002368,-0.01151013,0.34000000,0.37000000,0.41000000,0.37000000,0.61000000,0.03000000,0.76000000
10/01/99,-0.00240964,0.00885609,0.01474968,0.00149254,0.01781313,0.00698102,0.01780746,0.01515112,0.01166861,0.01776499,0.02653203,0.01487798,0.00735646,0.00633258,0.02835452,0.00609503,0.00461330,0.00943326,0.00636986,0.01080384,0.03861609,0.01028853,0.13259669,0.01256487,0.01362248,0.01640675,0.01462619,0.02667279,0.01108270,0.01596350,-0.04878049,-0.66000000,0.00745436,0.00458003,0.23000000,0.25000000,0.16000000,0.15000000,0.05000000,0.02000000,0.79000000
01/01/00,0.00241546,0.00950988,-0.00405311,0.00298063,0.00990644,-0.00048650,0.01649069,0.01332657,0.05363322,-0.00015065,0.02255382,0.01649645,0.00991510,0.00502209,0.06172730,0.00812337,0.00526742,0.01142179,0.00163343,0.01643136,0.04114372,0.01912774,0.17479675,0.00053952,0.01560705,0.00362815,0.01512057,-0.00708196,0.01103081,0.02255578,0.05128205,0.49000000,0.00043525,0.00548644,0.32000000,0.34000000,0.23000000,0.09000000,0.42000000,0.02000000,0.81000000
04/01/00,-0.00240964,0.01014493,0.02006736,-0.00148588,0.01231608,0.00206863,0.01706805,-0.00701695,-0.05145047,0.04502070,0.03393135,0.02461090,0.00781893,0.00620108,0.02680741,0.00478011,0.00349322,0.00703967,0.00339743,0.00918151,0.06108946,0.01629231,0.00069204,-0.00449357,0.01677587,0.01821280,0.00933766,0.05923733,0.01059781,0.01071542,0.04878049,1.77000000,0.00984813,-0.00476483,0.62000000,-0.29000000,0.06000000,0.28000000,0.06000000,-0.91000000,0.83000000
07/01/00,-0.00483092,0.00932568,-0.00082542,-0.00446429,-0.00086133,-0.01068610,0.01324937,-0.00028367,0.00403924,-0.04218623,0.01996114,0.03921001,0.00915826,0.00897505,0.03426613,0.00638847,0.00481992,0.00757300,0.00426627,0.00878694,0.04014692,0.01825410,0.09370678,-0.00595829,0.01177607,0.00101904,0.00958117,-0.00968480,0.01001211,0.01325228,0.04651163,-5.75000000,0.03293777,0.03640927,0.26000000,-0.29000000,-0.17000000,-0.30000000,-0.30000000,-0.55000000,-0.08000000
10/01/00,-0.00970874,0.01137171,0.01032631,0.00000000,-0.00269397,-0.01264269,0.01150333,-0.00023961,-0.05747126,-0.02375848,0.00953315,0.03073716,0.00710983,0.00456621,0.02256054,0.00567261,0.00493005,0.01228590,0.00269724,0.00901873,0.09608278,0.01528192,0.01359469,-0.00717464,0.01483402,0.00597088,0.00873684,0.00208808,0.00938491,0.00622344,-0.06666667,6.85000000,0.03359369,0.01873859,-0.01000000,-0.32000000,-0.19000000,-0.10000000,-0.40000000,-0.31000000,-0.63000000
01/01/01,-0.00490196,0.00913563,-0.00545108,0.00448430,-0.01231767,-0.02187966,-0.00202046,-0.00312831,0.04756098,-0.04372308,0.01141314,0.02676913,0.00958503,0.00985832,0.03062563,0.00738652,0.00649695,0.01092311,0.00470746,0.00557678,0.09814940,0.02476947,-0.10293200,0.00832419,0.02639272,-0.00327834,0.00362676,-0.04554264,0.00878810,0.00745093,0.11904762,-0.29000000,0.05542920,0.05035471,-0.90000000,-0.52000000,-0.33000000,-0.32000000,-0.61000000,0.38000000,-0.94000000
04/01/01,-0.00492611,0.00974930,0.01726500,-0.00595238,-0.01269008,-0.02186070,-0.01003884,0.00334059,-0.02735739,-0.02519364,-0.01073568,0.02052257,0.00699261,0.00853452,0.01699102,0.00466604,0.00382031,0.00303672,0.00421687,-0.00501405,-0.12806168,0.01674603,-0.02920723,0.01651093,0.02527586,0.00624475,0.00200949,0.00156000,0.00821700,-0.00399048,-0.06382979,-1.81000000,0.01762191,0.01852174,-1.24000000,0.23000000,0.14000000,0.15000000,0.12000000,1.47000000,-0.56000000
07/01/01,0.00000000,0.00620690,0.00565733,-0.00149701,-0.01373961,-0.02156965,-0.01520799,-0.00955960,-0.03830042,-0.04033288,-0.02047494,0.01334298,0.00282279,0.00811453,-0.04857584,0.00053079,0.00262467,-0.00936422,0.00359928,-0.01298007,-0.13200313,0.01551772,-0.04369628,0.03962517,0.02243808,-0.00400583,0.00347906,-0.02168751,0.00767280,-0.00307227,0.43181818,1.46000000,0.03087643,0.03397710,-0.82000000,-0.29000000,-0.12000000,-0.10000000,-0.17000000,0.53000000,0.91000000
10/01/01,-0.00742574,0.00753941,0.01245647,0.00000000,-0.01101000,-0.01752988,-0.02924536,0.03462831,0.15308027,-0.00810128,-0.02475322,0.02539327,-0.00073186,0.00500201,-0.08795544,0.00039788,0.00471204,-0.01563611,-0.00292223,-0.01833372,-0.11178220,0.01238862,-0.23220974,0.00721092,0.02297169,0.00274719,0.01613522,-0.04969261,0.00721289,-0.00711988,-0.47619048,2.53000000,0.02856007,0.01771959,-1.36000000,-0.23000000,-0.17000000,-0.02000000,-0.19000000,1.13000000,1.44000000
01/01/02,0.00498753,0.00612245,0.02103453,-0.00149925,0.00749744,0.00229792,-0.01374138,-0.01761155,-0.10037777,0.00586642,-0.01913047,0.01592462,0.00321127,0.00514874,-0.02374894,0.00198860,0.00312663,-0.00238267,-0.00066609,-0.00811663,0.02171927,0.01436016,0.05560976,0.01551180,0.01740374,0.00836422,0.00222705,0.02982859,0.00680462,0.00060325,0.66666667,-6.55000000,0.00766654,0.00175410,-0.47000000,0.32000000,-0.31000000,0.03000000,0.20000000,0.79000000,2.57000000
04/01/02,0.00744417,0.00608519,0.00155481,0.00150150,0.01533431,0.01240728,-0.00216813,0.00189796,-0.00419916,0.01229589,-0.02155555,0.01802439,0.00786208,0.00187820,0.05708080,0.00754168,0.00545455,0.00332923,0.00199960,0.01056646,0.06685209,0.01701107,0.21395564,-0.00142677,0.00794143,0.00612685,0.00505785,0.01629923,0.00652887,0.00246990,0.07272727,0.28000000,0.01476888,-0.00269140,0.03000000,0.03000000,0.10000000,0.08000000,-0.16000000,0.00000000,3.36000000
07/01/02,-0.00246305,0.00873656,0.00776197,-0.00149925,0.00621877,0.00506194,0.01164794,0.00652712,0.04939759,0.01661910,-0.02019540,0.01594570,0.00534908,0.00113617,0.01150653,0.00512147,0.00542495,0.00144269,-0.00172953,0.00786164,0.01052142,0.01986978,0.07803578,0.00361405,0.01892739,0.00406477,0.00699846,-0.00128755,0.00636560,-0.00071781,-0.08474576,13.43000000,0.04318926,0.00321888,-0.01000000,-0.82000000,-0.36000000,-0.39000000,-0.52000000,-0.81000000,3.36000000
10/01/02,-0.00246914,0.00932712,-0.00154044,-0.00300300,-0.00055182,-0.00013254,0.00995549,-0.00182618,-0.04879449,-0.02919264,-0.01176192,0.00977495,0.00593028,0.00323441,0.03112050,0.00470342,0.00346865,0.00770727,0.00019991,0.01326053,0.06910532,0.01419923,-0.00070621,0.01440415,0.02051337,0.00123626,0.00556234,-0.00097126,0.00624230,0.00394106,0.01851852,-4.34000000,0.02877850,0.02586291,-0.26000000,-0.28000000,-0.08000000,-0.03000000,-0.21000000,-0.02000000,2.55000000
01/01/03,-0.00247525,0.00726073,0.00989972,0.00000000,0.00629417,0.00729056,0.01006279,-0.00141259,-0.02595051,0.02630198,-0.01783725,0.01403698,0.01030303,0.00605204,0.09850276,0.00754226,0.00307259,0.01929950,0.00019987,0.03025404,0.19081272,0.01215542,0.20282686,0.01948320,0.01647797,0.00526635,0.00492553,0.00816131,0.00619351,-0.00383857,-0.07272727,-0.71000000,0.03087942,0.05471835,-0.24000000,-0.09000000,-0.26000000,-0.48000000,-0.24000000,0.15000000,2.53000000
04/01/03,-0.00248139,0.00393185,0.01311267,0.00000000,-0.00746187,-0.00644822,0.00026362,0.01172174,0.01734820,-0.00378812,-0.01872310,0.01634720,-0.00163604,0.00635295,-0.05380201,0.00103252,0.00382897,-0.00231417,-0.00066609,-0.00717328,-0.05044510,0.01222389,-0.14864865,0.02567009,0.01984372,0.00885649,0.01144920,0.00649522,0.00619939,0.00971590,0.00000000,-8.49000000,0.03231777,0.06230343,0.01000000,-0.29000000,-0.70000000,-0.65000000,-0.33000000,-0.30000000,2.68000000
07/01/03,0.00248756,0.00587467,0.02224177,-0.00451807,0.00663350,0.00728477,-0.00815958,0.02025229,0.04872107,0.02072143,-0.01645490,0.01175332,0.00742885,0.00782123,0.04344200,0.00657555,0.00457724,0.00864553,0.00246617,0.00602092,0.00891768,0.01543079,0.04278813,0.02139586,0.02028094,0.01663166,0.01413988,0.03615483,0.00616716,0.00682509,0.07843137,-2.21000000,-0.01268791,-0.00459608,-0.23000000,0.59000000,0.37000000,0.32000000,0.52000000,0.82000000,2.38000000
10/01/03,0.00992556,0.00259572,0.00934235,-0.00151286,0.00966502,0.01012492,0.00773662,0.00084521,-0.02555168,0.04161286,-0.02884668,0.01024522,0.00379548,0.01202882,0.00145317,0.00499552,0.00455639,0.00926829,0.00418883,0.00598489,0.05386417,0.02830615,0.03143614,0.00564273,-0.00088931,0.01160735,0.00688453,0.03412201,0.00622420,0.01142852,-0.09090909,-1.89000000,0.01036458,0.02512606,-0.02000000,0.06000000,-0.04000000,-0.14000000,-0.11000000,0.08000000,3.20000000
01/01/04,0.00737101,0.00517799,-0.00292291,0.00000000,0.00707060,0.00741994,0.01140975,0.00970563,-0.01132300,0.00790451,-0.01195607,0.01353787,0.00848053,0.00690146,0.05151273,0.00764721,0.00541766,0.00787130,0.00311196,0.02327657,0.08172043,0.01572487,0.13378248,0.01360492,0.00768128,0.00566651,0.00932380,0.00168810,0.00631201,-0.00010384,-0.08000000,-0.77000000,0.02449815,0.03788444,0.00000000,-0.25000000,-0.19000000,-0.37000000,-0.32000000,-0.25000000,3.28000000
04/01/04,-0.00243902,0.00643915,0.01038231,0.00000000,0.00583279,0.00620235,0.02285213,0.00267640,0.00482218,0.00406548,-0.00908987,0.01084008,0.00787359,0.01017244,0.01773270,0.00670377,0.00576441,0.01390697,0.00547855,0.02710756,0.05652750,0.02440405,0.08432371,0.01334648,0.02126511,0.00774952,0.00545617,0.03977759,0.00638234,0.01048865,0.08695652,-0.45000000,-0.01921624,-0.02342918,0.01000000,0.53000000,0.44000000,0.35000000,0.51000000,0.52000000,3.03000000
07/01/04,-0.00244499,0.00639795,0.00471470,0.00000000,0.00558419,0.00577886,0.02442112,0.00902066,0.02039592,0.01001144,0.01970978,0.01244040,0.00637721,0.00646204,0.02935593,0.00502576,0.00361326,0.00358108,0.00354494,0.01910422,-0.00269711,0.03805779,0.14535491,0.01212303,0.01122804,0.00948600,0.01174696,0.01584594,0.00649503,0.01025833,-0.10000000,-0.76000000,0.02157402,0.02788986,0.41000000,-0.22000000,-0.22000000,-0.16000000,-0.22000000,-0.63000000,3.55000000
10/01/04,-0.00490196,0.00699301,0.00433161,-0.00151515,0.01420333,0.01340654,0.01761640,0.01443157,0.01116990,0.02200863,0.01711949,0.01739726,0.01071975,0.00695559,0.06415069,0.00850106,0.00533830,0.02046725,0.00804605,0.02339790,0.05012579,0.02141515,0.10047847,0.01353050,0.01325752,0.01020202,0.01131029,0.02080973,0.00654879,0.01320596,0.00000000,-1.80000000,0.01691628,0.02705355,0.53000000,-0.17000000,-0.20000000,-0.29000000,-0.15000000,-0.70000000,2.92000000
01/01/05,0.00000000,0.00568182,0.01090212,0.00000000,0.01389913,0.01184327,0.02086877,0.00389418,-0.03662791,0.01163639,0.03939937,0.01156924,0.00506792,0.00318810,-0.00458006,0.00582621,0.00716226,0.00791713,0.00863076,0.01472185,-0.00658801,0.02292791,0.03312629,-0.00080245,0.00562755,0.01109382,0.00635473,0.02809644,0.00639072,-0.00948330,-0.44444444,-0.86000000,0.00381437,0.01045890,0.51000000,0.12000000,-0.16000000,-0.23000000,0.03000000,-0.39000000,2.22000000
04/01/05,-0.00492611,0.00690521,-0.00106660,0.00303490,0.00571191,0.00249035,0.01168226,0.01305780,0.04948702,0.05801623,0.03684493,0.01274943,0.00675781,0.00900424,0.02325437,0.00628543,0.00490436,0.00805132,0.00495400,0.00956074,0.02411527,0.03203284,0.06432866,-0.00109513,0.00702616,0.00492593,0.01108187,-0.01301070,0.00616695,0.00962938,-0.12000000,0.62000000,0.01187460,-0.00299019,0.48000000,-0.10000000,-0.15000000,0.03000000,-0.06000000,-0.58000000,1.83000000
07/01/05,0.00247525,0.00810474,0.00699964,0.00000000,-0.00433705,-0.00819774,0.00016305,0.00335401,0.03392754,-0.01337389,0.02891016,0.01234314,0.01512883,0.00351706,0.14340402,0.01077771,0.00390434,0.01753247,0.00467350,0.02139073,0.09142285,0.03042885,0.19205423,0.00504312,0.01424756,0.00783846,0.00829654,0.01312733,0.00602016,0.00567689,-0.18181818,-1.16000000,0.00743233,0.01284253,0.51000000,0.01000000,-0.09000000,-0.02000000,0.05000000,-0.50000000,1.25000000
10/01/05,0.00987654,0.00927644,-0.00011781,-0.00151286,0.00912674,0.00488416,0.02052651,-0.00452933,-0.11846496,0.08092330,0.02904214,0.00817110,0.00930824,0.00695716,0.03539353,0.00799709,0.00668449,0.01850670,-0.00082839,0.04344161,0.12297735,0.02262673,-0.05180856,0.00036361,0.01337777,0.00555473,0.00184350,0.03186583,0.00582758,0.01179791,0.38888889,0.53000000,-0.00535839,-0.01098400,0.52000000,0.29000000,0.30000000,0.36000000,0.47000000,-0.23000000,0.75000000
01/01/06,0.00244499,0.00980392,0.00706964,0.00151515,0.00955807,0.00523430,0.02163734,0.02245742,0.06182965,0.00664281,0.03355266,0.04040616,0.00524114,0.00659740,-0.00307961,0.00516889,0.00579500,-0.00062657,0.00746173,0.00559249,-0.08837656,0.01584371,0.05397301,0.00348939,0.01303597,0.01345440,0.01090502,0.01465694,0.00562759,0.02076438,0.28000000,-0.74000000,0.00731314,0.00880291,0.46000000,0.08000000,0.01000000,-0.02000000,0.02000000,-0.38000000,0.52000000
04/01/06,0.00487805,0.01152913,-0.00117000,0.00000000,0.00590451,0.00111579,0.02424386,-0.00494880,-0.02792632,-0.00731645,0.04121920,0.01015534,0.00902391,0.00221913,0.02646347,0.00884956,0.00804225,0.00858934,0.00525416,0.01464500,-0.04146470,0.01025307,0.11363996,0.00065198,0.01067410,0.00258716,0.00518419,-0.00574980,0.00544937,0.00577308,-0.06250000,2.49000000,-0.00924945,-0.01387550,0.47000000,0.50000000,0.51000000,0.43000000,0.35000000,0.03000000,0.14000000
07/01/06,0.00000000,0.00899820,-0.00210847,0.00000000,0.00394697,-0.00173375,0.01984549,-0.00321047,0.00733496,0.00461281,0.03839001,0.00624526,0.00944006,0.00787848,0.03310428,0.00711238,0.00535842,0.00142973,-0.00081864,0.00834348,0.00808003,0.00821587,0.00028385,-0.00839789,0.01446320,0.00149974,0.00642168,-0.00380564,0.00516183,-0.00019221,-0.20000000,-0.92000000,0.02167053,0.02281672,0.34000000,-0.17000000,-0.22000000,-0.15000000,-0.04000000,-0.51000000,0.17000000
10/01/06,-0.00242718,0.01010702,0.00657354,0.00302572,0.00241935,-0.00434189,0.01175979,0.00671285,-0.00849515,0.02495154,0.02317658,0.01121228,-0.00413447,0.00648853,-0.09224644,-0.00164783,0.00426389,-0.00726257,0.00504191,-0.01050915,0.00583424,0.01022609,-0.14954597,-0.00036504,0.01665727,0.00859462,0.00953882,-0.01858204,0.00486395,0.01571143,0.08333333,-2.58000000,0.02777069,0.03392686,0.01000000,-0.27000000,-0.29000000,-0.30000000,-0.32000000,-0.28000000,-0.34000000
01/01/07,0.00000000,0.00941730,0.00349854,0.00000000,0.01025744,0.00323947,0.00824237,0.00250334,0.00183599,0.00365721,0.02843189,0.01167756,0.00983542,0.01279188,0.03904370,0.00919594,0.00695837,0.01650722,0.00752493,0.00939999,0.06629804,0.00371688,-0.03103103,-0.00153374,0.01425097,0.00300811,0.00616747,-0.00645441,0.00489222,0.00788045,0.03846154,1.53000000,0.01234292,0.01598112,0.00000000,0.05000000,-0.03000000,0.01000000,-0.03000000,0.05000000,-0.62000000
04/01/07,0.00486618,0.01107872,0.00302150,-0.00452489,0.01154688,0.00546448,0.01395560,-0.00171885,-0.01588271,0.02623326,0.03357354,0.01489795,0.01130579,0.01117682,0.06681423,0.00841121,0.00409932,0.01986836,0.00435676,0.02479289,0.04168785,-0.00065658,0.11862948,0.00629069,0.01689734,0.00611738,0.00262444,0.00963201,0.00494788,0.00781884,0.03703704,1.17000000,0.00348355,0.00368703,0.00000000,0.17000000,0.22000000,0.19000000,0.15000000,0.17000000,-0.57000000
07/01/07,0.00000000,0.00922722,0.00880547,-0.00151515,0.00088565,-0.00296443,0.01130123,0.00140773,-0.01241465,0.00619425,0.05477284,0.01735510,0.00633983,0.01154895,0.00810615,0.00567655,0.00489910,0.00681544,0.00532937,0.00961822,-0.01498292,-0.01116922,0.15776512,-0.00079959,0.01572023,0.00576068,0.00667102,-0.01148917,0.00499354,-0.00005082,-0.14285714,7.86000000,0.00535387,0.00011927,-0.15000000,-0.11000000,0.18000000,0.14000000,0.19000000,0.04000000,-0.40000000
10/01/07,-0.00242131,0.00742857,0.00769496,0.00000000,0.00314620,0.00260159,0.01620480,0.00085689,0.00314268,0.00969362,0.06255949,0.01777245,0.01226315,0.01107409,0.05595175,0.01013708,0.00696460,0.02516025,0.00616409,0.02530684,0.12223158,-0.00324244,0.20420101,0.00021825,0.01054875,0.00628213,0.00394065,-0.01145452,0.00500056,-0.00048279,-0.08333333,0.44000000,0.02276043,0.02346936,-0.56000000,-0.47000000,-0.22000000,-0.12000000,-0.33000000,0.09000000,-0.36000000
01/01/08,0.00000000,0.00964265,-0.00649647,0.00303490,-0.00245026,-0.00098851,0.01899905,-0.01829272,-0.05263158,0.01017736,0.04186913,0.01413452,0.01083187,0.01182514,0.04228991,0.00821074,0.00530259,0.01793958,0.00882191,0.03477170,0.11964680,-0.00733255,0.08037094,0.00538221,0.01888896,-0.00426776,-0.00137134,-0.02733736,0.00494640,0.00322865,0.27272727,4.09000000,0.02322872,0.00454429,-1.27000000,-0.59000000,-0.09000000,0.23000000,-0.35000000,0.68000000,-0.27000000
04/01/08,-0.00242718,0.01011236,0.01181599,-0.00151286,-0.01503242,-0.01348176,0.00959049,-0.00820812,-0.05886243,-0.03041902,0.02714415,0.00978665,0.01301875,0.01618929,0.07384214,0.00972741,0.00412797,0.02468427,0.00947349,0.05178207,0.12291009,-0.02522227,0.26486818,0.01027273,0.01700927,0.00595440,0.00275617,-0.01680313,0.00477515,-0.00967167,0.64285714,-5.45000000,-0.00769106,-0.00573006,-1.18000000,0.20000000,0.15000000,0.25000000,0.22000000,1.38000000,0.41000000
07/01/08,-0.00729927,0.01001112,0.00238095,0.00151515,-0.03301746,-0.03385155,0.00988107,-0.02483965,-0.08081518,-0.05519131,0.01726517,0.00101544,0.01540317,0.02083333,0.07159924,0.01064187,0.00513875,0.02352941,0.01142995,0.04174305,-0.02974330,-0.03152384,-0.04435288,0.02413176,0.01235560,-0.00525223,-0.00770736,-0.01991029,0.00457962,-0.00540762,-0.23913043,4.42000000,-0.01870931,-0.01108285,-0.10000000,-0.01000000,0.04000000,0.19000000,0.23000000,0.09000000,1.79000000
10/01/08,-0.01715686,0.00825991,-0.00531614,-0.00302572,-0.04270683,-0.04606800,-0.02727835,-0.05907210,-0.20871560,-0.15766874,0.03590615,-0.00362557,-0.02289135,0.01089667,-0.23181286,-0.01596098,-0.00079527,-0.04964423,0.01451258,-0.09265963,-0.30039812,-0.00921869,-0.50393102,0.06978045,0.03192716,-0.02189056,-0.00899989,-0.09667278,0.00432306,0.00744374,0.60000000,33.50000000,-0.04474193,-0.11820498,-1.43000000,-0.57000000,0.21000000,1.64000000,-0.48000000,0.86000000,1.88000000
01/01/09,-0.01496259,0.00709995,0.01148510,-0.00303490,-0.05635776,-0.06039995,-0.04396118,-0.01467576,-0.09371981,-0.18467096,-0.02784239,-0.00598416,-0.00687398,-0.00018270,-0.11315000,-0.00675828,0.00000000,-0.01992743,0.00234508,-0.05507841,-0.14366270,0.00740911,-0.26482618,0.03026144,0.03198183,-0.01134886,-0.00253970,-0.11364122,0.00398764,-0.03533488,0.01785714,-13.59000000,0.03662070,0.04949965,-0.37000000,-0.60000000,-0.61000000,-0.62000000,-0.78000000,-0.23000000,2.74000000
04/01/09,-0.00253165,0.00542299,0.02293423,0.00000000,-0.02774923,-0.03069350,-0.03889205,-0.00211051,0.03624733,-0.00557322,-0.04178624,-0.01149792,0.00532065,-0.00443125,0.02518445,0.00396915,0.00386583,0.00646412,0.00269053,-0.00410485,0.01673413,-0.02622577,0.38178025,0.03362304,0.01194170,-0.00178608,-0.00491534,-0.05812439,0.00373748,-0.01335098,0.19298246,-11.98000000,0.01279580,0.07143586,-0.01000000,0.60000000,0.28000000,-0.18000000,-0.05000000,0.61000000,2.51000000
07/01/09,0.01522843,0.00593312,0.01571601,-0.00608828,0.01703077,0.01687827,-0.03378534,0.01142213,0.20987654,0.05738991,-0.06834633,-0.00868441,0.00857103,-0.00270729,0.08246307,0.00689032,0.00362442,0.00992585,0.00099166,0.01907790,0.02632204,-0.02608314,0.14309680,0.02037685,0.00357707,0.00351155,0.00672460,-0.00295497,0.00352563,-0.01201123,-0.25000000,-7.53000000,0.06609722,0.12175796,-0.02000000,0.23000000,-0.24000000,-1.31000000,0.15000000,0.25000000,3.12000000
10/01/09,0.01000000,0.00750670,0.01363341,-0.00612557,0.01559071,0.01880141,0.00344536,-0.00158091,-0.08588435,0.02731336,-0.05708888,-0.01026638,0.00784805,0.00142634,0.04233942,0.00774063,0.00620697,0.01751749,0.00174825,0.02022303,0.12505066,-0.00760468,0.11535075,0.01323308,0.00526951,0.01080895,-0.00110132,0.09330361,0.00343028,0.00136690,0.03921569,-2.42000000,0.03423572,0.05892709,-0.04000000,-0.09000000,-0.10000000,-0.40000000,-0.24000000,-0.05000000,3.37000000
01/01/10,0.00990099,0.00585418,0.00096072,0.00000000,0.01899022,0.02465398,0.00902599,0.01273672,0.00279070,0.12774538,-0.04927658,-0.00781485,0.00156660,0.00473237,0.00992711,0.00389625,0.00336474,0.01420455,0.00447935,0.02412641,0.08871507,-0.01193361,0.03697368,0.00653013,0.00008246,0.00484525,0.00579550,0.02152669,0.00346712,0.00103960,0.01886792,-2.92000000,0.01117801,0.03293203,0.01000000,0.28000000,0.11000000,-0.02000000,0.08000000,0.27000000,3.32000000
04/01/10,0.00980392,0.00529101,0.00330596,0.00000000,0.01941748,0.02603067,0.01343315,0.01765325,0.06586271,0.02746613,-0.02129589,-0.00488826,-0.00032203,0.00274374,-0.01923168,0.00155245,0.00279455,0.00112045,0.00364858,0.01089421,-0.02585433,-0.00910429,-0.01256186,0.01067532,0.01036514,0.00967574,0.00896764,0.05248949,0.00355712,0.02000271,0.14814815,6.24000000,0.01933460,0.02391157,0.06000000,-0.19000000,-0.22000000,-0.10000000,-0.08000000,-0.25000000,3.59000000
07/01/10,0.00000000,0.00473684,0.00627126,-0.00462250,0.01335523,0.01906199,0.02435407,0.00217297,0.02175805,0.04053023,-0.00873876,-0.00122015,0.00289922,0.00164174,0.00944127,0.00188220,0.00144911,0.00374930,0.00386613,-0.00038293,0.01601164,0.00974478,-0.02261629,0.01908263,0.00987410,0.00771121,0.00713441,0.04439647,0.00372822,0.00797698,-0.01612903,-2.11000000,0.04009212,0.04418728,0.00000000,-0.72000000,-0.48000000,-0.38000000,-0.47000000,-0.72000000,3.34000000
10/01/10,0.00242718,0.00628601,0.00316890,-0.00309598,0.00421303,0.00780514,0.03109177,0.01916006,0.04088586,0.00436179,0.00035364,0.01910591,0.00812187,0.00569113,0.06053048,0.00640955,0.00322796,0.01839773,0.00247169,0.02572101,0.06079274,-0.00710784,0.11964239,0.03945485,0.01281356,0.00525063,0.00612899,-0.00283255,0.00385794,0.00666661,-0.01639344,-4.96000000,0.00984300,0.02036966,0.00000000,0.05000000,0.25000000,0.09000000,-0.01000000,0.05000000,2.62000000
01/01/11,0.00000000,0.00572618,-0.00737075,-0.00310559,0.00537866,0.00680999,0.02674264,0.01230351,0.04582651,0.04978080,0.01084120,0.03697779,0.01065089,0.01285708,0.05739225,0.00845503,0.00432708,0.02479882,0.00762615,0.03932135,0.09336875,-0.02777092,0.10462659,0.03074041,0.01262865,-0.00237193,0.00381984,-0.01862963,0.00399068,0.02388099,0.10000000,-0.71000000,-0.00821224,-0.00113770,-0.03000000,0.60000000,0.29000000,0.19000000,0.41000000,0.63000000,2.67000000
04/01/11,0.00242131,0.00362319,0.00074255,-0.00155763,0.00395891,0.00278515,0.02868190,0.00490184,-0.04538341,-0.00537553,0.02068380,0.00799057,0.01139434,0.01390068,0.06112062,0.00979965,0.00585506,0.01992521,0.00796677,0.03424025,0.05295014,-0.01758284,0.08451153,0.03367183,0.02167820,0.00676571,0.00102895,0.04089102,0.00411613,0.00047722,-0.03030303,-1.13000000,0.02208734,0.03109094,-0.06000000,-0.23000000,-0.09000000,-0.23000000,-0.20000000,-0.17000000,3.30000000
07/01/11,0.00000000,0.00464157,-0.00190799,0.00000000,0.01108388,0.00780320,0.01377662,0.00268051,0.03032787,0.03021741,0.02723164,0.01112567,0.00650131,0.01216717,-0.00354710,0.00463662,0.00461285,0.00471377,0.00812962,0.00476498,-0.01380362,0.00746269,-0.12281906,0.07399173,0.04116954,-0.00022307,0.00304372,0.00441973,0.00423207,0.00937795,0.03125000,13.10000000,0.02157071,0.02561403,-0.02000000,-0.77000000,-0.55000000,-0.38000000,-0.36000000,-0.75000000,3.13000000
10/01/11,0.00241546,0.00410678,0.00477910,0.00000000,0.01043533,0.00551181,0.01361477,0.01142780,0.06762132,0.03546106,0.02624766,0.01034409,0.00451268,0.00692509,-0.00538004,0.00321992,0.00349841,0.00437888,0.00616005,-0.00904016,-0.02129262,0.00458554,0.05062018,0.03928554,0.01701443,0.01123049,0.00172471,0.07709892,0.00430091,0.00199149,0.00000000,-0.64000000,0.00895040,0.00472897,0.00000000,-0.41000000,-0.57000000,-0.23000000,-0.29000000,-0.41000000,2.38000000
01/01/12,0.00481928,0.00255624,0.00507346,-0.00468019,0.01001460,0.00443748,0.01675298,0.01527791,0.06557377,0.03676600,0.03619381,0.01316494,0.00563752,0.00488775,0.00797137,0.00663314,0.00631877,0.00586495,0.00740246,0.00513460,-0.00174209,-0.01046987,0.09529887,0.02478343,0.01785343,0.00838608,0.00721297,0.02215405,0.00435646,0.01856156,0.12121212,-11.74000000,0.01961158,0.03375096,0.02000000,-0.01000000,-0.02000000,-0.05000000,-0.08000000,-0.03000000,1.97000000
04/01/12,0.00000000,0.00407955,0.00504785,-0.00156740,0.00630035,0.00077963,0.01357021,-0.00417110,-0.00559441,-0.02712181,0.03195716,0.01336801,0.00210222,0.00430441,-0.02170755,0.00244447,0.00422215,-0.00412797,0.00458564,-0.00595150,-0.05693994,-0.00458065,-0.09409594,0.01993491,0.01576171,0.00446364,0.00175577,0.02244649,0.00442684,0.00715207,0.06756757,1.84000000,0.01790592,0.02260317,0.05000000,-0.22000000,-0.10000000,-0.11000000,-0.13000000,-0.27000000,1.94000000
07/01/12,-0.00239808,0.00355510,-0.00282515,-0.00156986,-0.00020528,-0.00532329,0.01709733,0.00393002,0.00492264,-0.02430054,0.03103990,0.01327687,0.00450155,0.00360021,0.00573290,0.00296862,0.00280293,0.00792746,0.00698455,-0.00364217,0.03528855,0.01335148,-0.01200557,0.04237025,0.01883793,0.00143999,0.00202781,0.00263386,0.00446455,-0.00654303,-0.11392405,-3.85000000,0.03009025,0.03400304,0.00000000,-0.18000000,-0.35000000,-0.21000000,-0.24000000,-0.18000000,1.67000000
10/01/12,0.00000000,0.00455466,-0.00367261,0.00157233,0.00492763,0.00026106,0.01105259,0.00712532,0.04408677,0.04214568,0.02503755,0.01576552,0.00665680,0.00469764,0.02460529,0.00560254,0.00451516,0.00704262,0.00256690,0.00716074,0.02464979,0.00783499,-0.04513399,0.03775671,0.02274658,0.00115629,0.00398583,-0.00849318,0.00449226,0.03403795,0.30000000,0.58000000,0.01381156,0.03127586,0.01000000,0.06000000,0.08000000,-0.31000000,-0.19000000,0.05000000,1.49000000
01/01/13,0.00480769,0.00654912,0.00473934,-0.00313972,0.00776382,0.00352342,0.01198142,0.01372362,0.03686327,0.01320898,0.02179644,0.01727641,0.00401954,0.00344300,-0.00296178,0.00346894,0.00385274,0.00474732,0.00326851,0.00566798,0.00527383,0.00498175,0.07181002,0.01364363,0.01538402,0.00986572,0.00650195,0.03981845,0.00455366,-0.03711311,-0.47252747,-3.24000000,-0.00422431,0.00341758,-0.01000000,0.25000000,0.34000000,0.24000000,0.14000000,0.26000000,1.54000000
04/01/13,0.00000000,0.00450450,-0.00241090,-0.00157480,0.00446021,0.00104031,0.00181066,-0.00013454,0.00775695,0.05056192,0.01401324,0.01289745,-0.00107619,0.00266870,-0.03167276,0.00052378,0.00277186,-0.00487731,0.00342075,-0.00988777,0.00391445,0.01525006,-0.00296830,0.01717866,0.01089003,0.00267631,0.00285755,0.01304219,0.00455439,0.00986828,0.10416667,1.31000000,0.00136105,0.00491641,-0.03000000,0.04000000,0.09000000,0.02000000,0.17000000,0.07000000,1.80000000
07/01/13,0.00000000,0.00548082,0.00714511,-0.00157729,0.00403673,0.00142894,0.00860046,0.00394696,-0.00192431,-0.03754501,0.01451354,0.01433659,0.00538677,0.00291508,0.00953486,0.00408334,0.00393366,0.00321642,0.00270563,0.00049933,-0.00188930,0.01433681,0.12525253,0.01716670,0.01399042,0.00851399,0.00406563,0.04041645,0.00454956,0.00175877,-0.01886792,-0.56000000,-0.02776650,-0.03549903,-0.03000000,0.72000000,0.54000000,0.57000000,0.77000000,0.75000000,1.87000000
10/01/13,0.00239234,0.00594648,0.00959833,-0.00631912,0.00663383,0.00454015,0.01709568,0.00376950,-0.00321337,0.04452535,0.01677492,0.01527907,0.00368624,0.00240111,-0.00020532,0.00364964,0.00434184,0.00544529,0.00415542,0.00029945,-0.02698349,0.00797155,-0.07871114,0.03453530,0.01961512,0.00871759,0.00880697,0.00960990,0.00457729,0.00291246,-0.11538462,-0.05000000,0.01280003,0.01951048,0.00000000,0.03000000,0.09000000,-0.04000000,-0.15000000,0.03000000,2.62000000
01/01/14,-0.00477327,0.00837438,-0.00837036,0.00158983,0.00688967,0.00490702,0.01406165,0.00198616,0.01998711,-0.03022888,0.03384846,0.01699284,0.00623505,0.00626156,0.02714914,0.00467532,0.00316322,0.01366604,0.00838394,0.01317168,0.05972682,0.00824310,0.01210256,0.03138099,0.01573420,-0.00345135,0.00359719,-0.00979586,0.00460401,0.01402102,0.13043478,0.60000000,0.01516591,0.02477184,-0.02000000,0.04000000,-0.14000000,-0.23000000,0.07000000,0.06000000,2.65000000
04/01/14,0.00719424,0.00390816,0.00656524,-0.00317460,0.01378421,0.01143665,0.01284958,0.01838413,0.05625790,0.02599041,0.03102980,0.01890139,0.00530515,0.01106703,-0.00191939,0.00444674,0.00441455,0.00564238,0.00303789,0.00098488,0.01773230,0.01936827,0.04732469,0.02233450,0.01371655,0.01291859,0.00960628,0.04108200,0.00462166,0.01037440,0.05769231,-2.09000000,0.01931872,0.03348834,0.02000000,-0.16000000,-0.23000000,-0.31000000,-0.13000000,-0.18000000,2.71000000
07/01/14,0.00000000,0.00486618,0.00848949,0.00159236,0.00577130,0.00292212,0.00865511,0.00580660,0.00119689,0.08795007,0.02831674,0.01739957,0.00257525,0.00718711,-0.01702724,0.00267682,0.00376727,-0.00084409,0.00409139,-0.00182024,-0.04517020,0.01450176,-0.05302371,0.01300050,0.01262948,0.01215391,0.00988413,0.02301270,0.00468664,0.01006827,-0.01818182,0.33000000,0.01164181,0.01710720,0.00000000,-0.12000000,-0.10000000,-0.08000000,-0.09000000,-0.12000000,2.53000000
10/01/14,0.00238095,0.00387409,-0.00338774,0.00000000,0.00583544,0.00329364,0.00556606,0.00675965,-0.01135684,-0.11187279,0.02398307,0.01358109,-0.00248442,0.00680774,-0.06990014,-0.00123216,0.00271059,-0.01192665,0.00402180,-0.02232627,-0.06712219,0.00810992,-0.25196689,0.02814212,0.01442698,0.00505733,0.01152353,0.00319434,0.00470317,0.01580162,0.05555556,3.00000000,0.01397380,0.00403445,0.01000000,-0.21000000,-0.24000000,0.00000000,-0.18000000,-0.22000000,2.41000000
01/01/15,-0.00475059,0.00578871,0.00566543,-0.00317965,-0.01111971,-0.01287879,0.00277964,0.00167991,0.01571947,-0.01782505,0.03398751,0.01488351,-0.00645869,0.00309572,-0.11086766,-0.00452349,0.00166355,-0.02595182,0.00722079,-0.04133690,-0.15682895,0.01096739,-0.33765879,0.02695918,0.01864407,0.00900485,0.00767212,0.03482292,0.00470875,0.01601494,0.08771930,0.49000000,0.02384692,0.01500603,0.01000000,-0.31000000,-0.30000000,-0.23000000,-0.24000000,-0.32000000,2.19000000
04/01/15,-0.00238663,0.00575540,0.00501895,0.00159490,-0.01398260,-0.01470964,0.00950535,0.01010020,0.03452381,0.00038737,0.02881813,0.01872344,0.00679810,0.00052790,0.02607196,0.00495714,0.00446336,0.00547323,0.00470958,-0.00389126,0.01057741,0.01622968,0.19302949,0.00351582,0.01011005,0.00619394,0.00688269,0.00396694,0.00471203,0.00347725,-0.06451613,-2.82000000,-0.00715900,-0.00468234,0.01000000,0.17000000,0.30000000,0.30000000,0.10000000,0.16000000,1.87000000
07/01/15,0.00000000,0.00476872,0.00275173,-0.00477707,0.00059500,0.00077892,0.00699897,0.00576324,0.02819333,-0.01027248,0.02102428,0.01746432,0.00379811,0.00572263,-0.01138383,0.00267187,0.00320347,0.00000000,0.00557292,-0.00665153,-0.04419275,0.01416782,-0.19636992,0.01177845,0.01205746,0.00400272,0.00704115,0.00216944,0.00468152,0.00508331,-0.01724138,5.57000000,-0.00631345,-0.01714419,0.01000000,0.09000000,0.22000000,0.43000000,0.13000000,0.08000000,2.03000000
10/01/15,0.00000000,0.00664452,-0.00609818,0.00160000,-0.01367691,-0.01323129,0.00137242,-0.00143388,-0.01566872,0.00227099,0.02118524,0.00344101,-0.00008408,0.00282486,-0.05927509,-0.00081992,0.00247219,-0.01350588,0.00082871,-0.02232024,-0.08041052,0.00808199,-0.09787051,0.01282855,0.01460722,0.00184490,0.00406720,-0.00597853,0.00464035,0.00599166,0.00000000,-2.28000000,0.00907890,-0.00295837,0.03000000,-0.06000000,-0.11000000,0.17000000,-0.05000000,-0.09000000,2.11000000
01/01/16,0.00000000,0.00612918,0.00429492,0.00319489,-0.00673232,-0.00657289,-0.00273505,0.00311561,-0.01307561,-0.00594952,0.02416819,-0.00859607,-0.00063068,-0.00068410,-0.06368144,0.00051287,0.00421291,-0.01093181,0.00450241,-0.02413437,-0.05712478,0.00922941,-0.20481640,0.01891769,0.02157096,0.00579498,0.00754978,-0.00429520,0.00460277,0.00321577,0.03508772,3.46000000,0.01285790,-0.00481462,0.20000000,-0.23000000,-0.05000000,-0.07000000,-0.16000000,-0.43000000,2.02000000
04/01/16,0.00000000,0.00656045,0.00050911,0.00000000,-0.00374305,-0.00423448,0.00661297,0.00326968,-0.00403226,-0.00737083,0.02698981,0.01809694,0.00799361,-0.00161076,0.04473496,0.00635637,0.00542310,0.00684211,0.00427615,0.01024898,0.06021965,0.01869950,0.36311844,0.03074170,0.01724152,0.00321129,0.00496043,-0.00425920,0.00458012,-0.00201658,-0.11864407,-4.81000000,0.03075514,0.05476408,0.01000000,-0.18000000,-0.33000000,-0.65000000,-0.15000000,-0.19000000,1.59000000
07/01/16,0.00239234,0.00558659,0.00356198,0.00159236,0.00274167,0.00172757,0.00256696,0.00522287,0.01908618,-0.01546954,0.00787290,0.01664183,0.00425727,-0.00080668,0.00327350,0.00346373,0.00437614,0.00507057,0.00343713,0.01047582,0.01991138,0.01782030,-0.01341839,0.02114401,0.01619703,0.00709395,0.00695558,0.00427438,0.00455150,0.00692905,-0.01923077,-2.45000000,0.02274314,0.03913386,0.03000000,-0.21000000,-0.27000000,-0.43000000,-0.14000000,-0.24000000,1.40000000
10/01/16,0.00000000,0.00601852,0.00669303,-0.00317965,-0.00050633,-0.00106129,0.00690620,0.00419534,0.00113507,0.03215035,0.01289925,0.01595660,0.00635884,0.00012110,0.03825913,0.00456853,0.00344513,0.00899776,0.00393661,0.00780270,0.00789934,0.00779317,0.09565217,0.01587880,0.01532969,0.00554278,0.00515660,0.02746677,0.00453447,0.00718088,0.01960784,0.87000000,-0.02254776,-0.01580825,0.04000000,0.58000000,0.48000000,0.38000000,0.39000000,0.54000000,1.16000000
01/01/17,0.00000000,0.00506213,0.00171250,0.00318979,0.00070922,0.00106242,0.00752478,0.01118257,-0.03117914,-0.00950889,-0.00448624,0.01440130,0.00702073,0.00371327,0.03406153,0.00576049,0.00464506,0.01530928,0.00575444,0.02095290,0.07036892,0.00721041,0.05046805,0.02089062,0.01384511,0.00486885,0.00768909,-0.00266824,0.00454930,0.01043061,0.05769231,-2.41000000,-0.00342922,0.00370264,0.25000000,0.31000000,0.14000000,0.02000000,0.33000000,0.06000000,1.70000000
04/01/17,0.00238663,0.00595238,0.00050282,0.00000000,0.01397185,0.01605200,0.00405165,-0.00062928,-0.02223523,0.02894963,-0.00325948,0.01182344,0.00114829,0.00442336,-0.02093035,0.00200965,0.00331692,-0.00086308,0.00556962,0.00599247,-0.00889121,0.02241013,-0.06819062,0.02382974,0.01309422,0.00559893,0.00495879,0.01573595,0.00455924,0.01179448,0.09090909,-0.26000000,0.01828841,0.02603071,0.25000000,-0.19000000,-0.16000000,-0.17000000,-0.19000000,-0.44000000,1.76000000
07/01/17,-0.00238095,0.00682749,0.00794050,0.00158983,-0.00309536,-0.00013057,0.01170066,0.00445938,0.02453621,-0.02316055,0.00846275,0.01159640,0.00479272,0.00284250,0.01827376,0.00361011,0.00300541,0.00391260,0.00201410,0.00490248,-0.00015831,0.01537369,0.00166320,0.02024419,0.01134263,0.00788539,0.00677769,0.01665925,0.00468400,0.00842823,0.00000000,-0.49000000,0.01422090,0.01952146,0.22000000,-0.02000000,-0.15000000,-0.16000000,-0.10000000,-0.24000000,1.32000000
10/01/17,0.00238663,0.00497288,0.00737934,-0.00476190,0.01402244,0.01762862,0.00808861,0.01683855,0.03329439,0.04980156,0.00914373,0.01528906,0.00794977,0.00331351,0.04061163,0.00599520,0.00449461,0.01685479,0.00688442,0.01804543,0.01900037,0.00832001,0.14715650,0.01364872,0.00997982,0.01127016,0.01092872,0.01880527,0.00479887,0.01086008,-0.08333333,-0.63000000,0.00549137,0.01003328,0.03000000,0.13000000,-0.09000000,-0.06000000,0.04000000,0.10000000,1.08000000
01/01/18,0.00238095,0.00899685,0.00366264,0.00318979,0.00553141,0.00834082,0.01219863,-0.00213250,-0.04070096,0.00407171,0.00266748,0.01297949,0.00841288,0.00405857,0.02797071,0.00695272,0.00636373,0.00846192,0.00529021,0.01782862,0.03086963,0.01407439,0.13823050,0.00732692,0.00668158,0.00813435,0.00724097,0.01519588,0.00491904,0.00382368,0.05454545,7.04000000,-0.01215003,-0.00935579,0.25000000,0.39000000,0.18000000,0.19000000,0.36000000,0.14000000,1.18000000
04/01/18,0.00237530,0.00757914,-0.00009863,0.00000000,0.01159136,0.01298040,0.00512848,0.00595033,0.01591043,0.02963149,0.02898489,0.00837645,0.00545484,0.00249663,0.01296135,0.00522786,0.00533544,0.00459033,0.00595740,0.01554194,0.00673265,0.01839951,0.08202194,0.00332116,0.00994506,0.00530830,0.00535463,-0.00015223,0.00504284,0.00703550,0.05172414,-2.01000000,-0.00778035,-0.01468124,0.29000000,0.16000000,0.19000000,0.32000000,0.26000000,-0.13000000,1.32000000
07/01/18,-0.00236967,0.00796460,0.00305780,-0.00158983,0.00835114,0.00829146,0.01248667,0.00310104,-0.00522042,-0.00535486,0.01690198,0.01160292,0.00402904,0.00387398,0.00830346,0.00333628,0.00324324,0.00609247,0.00690914,0.01061815,-0.00633827,0.01221268,0.02379903,0.01025880,0.01018178,0.00623658,0.00460862,0.03041200,0.00513584,0.01170742,0.08196721,-2.48000000,0.00763789,0.00785934,0.18000000,0.00000000,-0.02000000,0.03000000,0.03000000,-0.18000000,1.19000000
10/01/18,-0.00237530,0.00965759,-0.00157341,0.00159236,0.00134823,-0.00012460,0.01284190,-0.00102881,0.02274052,-0.01439813,0.02871813,0.01273609,0.00405260,0.00405592,-0.01278013,0.00381418,0.00460423,0.00356498,0.00720482,0.00049327,0.01421396,0.00343708,-0.13947482,0.01045249,0.00638581,0.00141644,0.00312404,0.00067164,0.00516103,0.00863536,0.09090909,8.19000000,-0.00329295,-0.01005999,0.30000000,0.12000000,0.22000000,0.33000000,0.21000000,-0.18000000,1.01000000
01/01/19,-0.00476190,0.00956522,0.01132670,0.00317965,-0.00932872,-0.01133956,0.01460836,-0.00299416,-0.04903079,-0.02111849,0.02401129,0.01237797,0.00269083,0.00854969,-0.04667700,0.00233827,0.00399805,-0.00875912,0.00729927,-0.01755164,-0.06041698,0.01117358,-0.08587627,0.00321586,0.01245246,0.00543121,0.00116623,0.00725149,0.00518127,0.01099570,0.13888889,-4.58000000,0.03141753,0.03046140,0.19000000,-0.38000000,-0.29000000,-0.17000000,-0.41000000,-0.57000000,0.83000000
04/01/19,-0.00478469,0.00732127,0.00652513,-0.00316957,-0.00601883,-0.00857071,0.00799275,0.00954358,0.01978417,-0.03647184,0.00094051,0.01034066,0.00734046,0.00209986,0.04853208,0.00524883,0.00437063,0.01227295,0.00275362,-0.00020073,-0.01807832,0.01665693,0.09230208,0.01503940,0.01317783,0.00829678,0.00801376,0.00705002,0.00520596,0.00156643,-0.09756098,-1.29000000,0.03003747,0.04535209,0.00000000,-0.32000000,-0.24000000,-0.37000000,-0.36000000,-0.32000000,0.26000000
07/01/19,-0.00240385,0.00983326,0.01044993,0.00317965,0.00048833,-0.00216120,0.00415554,0.01133006,0.01234568,0.00522704,0.01202204,0.01186143,0.00329089,0.00271634,-0.02175202,0.00241733,0.00377140,-0.00290980,0.00221612,-0.01154445,-0.02292002,0.01277632,-0.05911824,0.02008000,0.01948575,0.01132161,0.01016966,0.01056056,0.00518435,0.00448706,-0.05405405,0.78000000,0.04525318,0.04998242,-0.18000000,-0.54000000,-0.50000000,-0.57000000,-0.35000000,-0.36000000,-0.06000000
10/01/19,-0.00240964,0.00804403,0.00880973,0.00316957,-0.00546661,-0.00802650,-0.00094542,0.00039976,-0.01684088,-0.03032585,0.00225968,0.01011001,0.00702878,0.00615325,0.01612903,0.00395486,0.00317919,0.00924125,0.00322069,0.00137105,0.01851343,0.00887144,0.00887469,0.02275483,0.02064693,0.00641333,0.00643398,-0.01175189,0.00503409,0.00725465,-0.01428571,-1.97000000,0.01150764,0.01887382,-0.56000000,-0.01000000,-0.08000000,-0.11000000,0.04000000,0.55000000,-0.42000000
01/01/20,-0.00241546,0.00881982,-0.00075937,-0.00315956,-0.01619552,-0.01746725,-0.00844199,-0.02875142,-0.12758417,0.01521438,0.02365412,0.00959418,0.00341231,0.00765414,-0.03069089,0.00326672,0.00432152,-0.01026506,0.00287494,-0.01303245,-0.06742179,0.01160463,-0.20232231,0.02734405,0.02305073,-0.01362889,-0.01643125,-0.02561989,0.00495874,0.00585237,0.31884058,17.23000000,0.01589966,0.00770107,-0.31000000,-0.37000000,-0.09000000,-0.04000000,-0.18000000,-0.06000000,0.13000000
04/01/20,-0.04842615,0.03955037,0.05566638,-0.03645008,-0.12820513,-0.12771242,-0.03818858,-0.06120127,-0.23425863,-0.18339866,0.22302158,-0.01860482,-0.00942922,0.02301702,-0.12958493,-0.00440529,-0.00191241,-0.03067634,0.00272336,-0.04382675,-0.14846732,0.01000422,-0.38332598,2.07808088,0.13260987,-0.07891007,-0.08610259,-0.14452057,0.00491893,-0.05267361,1.68131868,3.27000000,0.02885705,-0.00413093,-1.29000000,-0.73000000,-0.46000000,0.06000000,-0.28000000,0.56000000,0.07000000
07/01/20,0.04325700,-0.00800961,0.00728876,0.01315789,0.09384298,0.09725761,-0.00766068,0.13324424,0.37488948,0.23029127,-0.05013684,0.00452349,0.01135255,0.00309690,0.05763689,0.00827241,0.00766430,0.01707942,0.00266832,0.03170339,0.12497453,0.01752108,0.46244635,0.35195156,0.04290115,0.07759250,0.08881718,0.18754113,0.00477315,0.04368709,-0.38524590,-8.68000000,0.03853403,0.06610704,0.03000000,-0.04000000,-0.23000000,-0.61000000,-0.29000000,-0.07000000,0.63000000
10/01/20,0.00975610,0.00847800,-0.01000536,0.00000000,0.01579828,0.02116908,0.02291657,0.00273092,0.04501608,0.04575087,-0.06038466,0.00504975,0.00698195,0.00435203,0.02426610,0.00496089,0.00437346,0.01348348,0.00413439,0.02848958,0.11918131,0.02200013,0.03986305,0.03848786,0.02840341,0.01035210,0.01370241,0.03159228,0.00479417,0.02636937,-0.18000000,-0.19000000,-0.00290137,0.01492858,0.00000000,0.20000000,0.07000000,-0.02000000,-0.19000000,0.20000000,0.56000000
01/01/21,0.00241546,0.01080865,0.00586537,-0.00324675,0.00350191,0.01016450,0.02167571,0.04712772,0.01600000,0.05703134,-0.02357707,0.00939465,0.01003639,0.00566646,0.10008533,0.01177141,0.00880348,0.02972710,0.00837672,0.06056616,0.15083347,0.02410888,0.36618062,0.04218630,0.03361686,0.01285506,0.02142970,-0.00847891,0.00477697,-0.00078035,0.57723577,-2.42000000,-0.01806132,-0.00065575,-0.01000000,0.43000000,0.38000000,0.13000000,0.12000000,0.44000000,0.76000000
04/01/21,0.00000000,0.01663366,-0.00071768,0.00325733,0.01590886,0.02250761,0.01266265,0.04813503,0.02180497,0.01766413,-0.01981181,0.02326211,0.01877347,0.00975915,0.05520829,0.01529368,0.01473210,0.02730715,0.01501854,0.07802130,0.07626682,0.05561871,0.13943880,0.04693889,0.04014487,0.01519732,0.03241711,-0.01389376,0.00476367,0.01826641,-0.46907216,-5.20000000,-0.00391630,-0.00021200,-0.01000000,0.32000000,0.21000000,0.14000000,0.12000000,0.33000000,1.20000000
07/01/21,-0.00240964,0.01791975,-0.00619445,0.00324675,0.00798141,0.01294834,0.03145976,-0.01853290,-0.19976289,0.02320077,-0.03615659,0.03367542,0.01589606,0.01874612,0.04544472,0.01386194,0.01183651,0.03160271,0.01803301,0.04894362,0.09751742,0.05574265,0.06632422,0.02534368,0.02162799,0.00814377,0.00700210,0.03808788,0.00492464,0.00711050,-0.18446602,0.29000000,0.02690589,0.02745439,0.02000000,-0.28000000,-0.35000000,-0.34000000,-0.13000000,-0.30000000,1.53000000
10/01/21,0.00000000,0.01798699,0.00614273,0.00161812,0.01032374,0.01278282,0.04638800,0.00819937,-0.04444444,0.02709769,0.00413254,0.01493033,0.02121734,0.02366377,0.08007279,0.01640689,0.01270334,0.03670790,0.01807694,0.04644878,0.08936863,0.03443927,0.09563616,0.02811987,0.02468887,0.01696777,0.00988697,0.06349036,0.00494384,0.00305258,-0.25000000,0.99000000,-0.00759355,-0.00826487,-0.01000000,0.21000000,0.10000000,0.07000000,0.21000000,0.22000000,1.23000000
01/01/22,0.00000000,0.01466165,-0.01409589,0.00484653,0.00922619,0.00921368,0.06019720,0.00834312,0.07519380,0.03043376,0.02483213,0.01713852,0.02206832,0.02479541,0.07754461,0.01865304,0.01461962,0.03807883,0.02346643,0.04313615,0.07231066,0.03673491,0.23082892,0.01681947,0.01443483,-0.00497675,-0.00002734,0.01522434,0.00495383,-0.01142681,-0.38095238,6.09000000,-0.04801893,-0.04996284,0.04000000,0.39000000,0.55000000,0.63000000,0.74000000,0.35000000,1.45000000
04/01/22,-0.00483092,0.01519081,-0.01019944,0.00000000,0.01002654,0.00800400,0.04788656,0.00929151,-0.03316510,0.01409065,0.04376712,0.02036273,0.02415476,0.02914377,0.11325918,0.01751915,0.01156275,0.05070750,0.02563097,0.06297629,0.16330344,0.06661248,0.14341248,0.00360458,0.00268680,-0.00141268,0.00493090,-0.02768772,0.00498432,-0.00503098,-0.23076923,2.03000000,-0.07821471,-0.08434074,0.63000000,0.97000000,0.80000000,1.01000000,1.45000000,0.34000000,1.80000000
07/01/22,-0.00485437,0.01313869,-0.00009200,0.00160772,0.00535280,0.00198511,0.02546830,-0.01148054,0.01118568,0.00458056,0.04283738,0.01820723,0.01302664,0.02957854,-0.03275235,0.01150718,0.01230986,0.00011848,0.01704280,-0.01095382,-0.02432614,0.01673179,-0.14490490,-0.01151551,-0.00422003,0.00658600,0.00386418,-0.01967829,0.00515012,0.00926901,0.06666667,-2.61000000,-0.01124024,-0.01723490,1.41000000,0.21000000,0.24000000,0.40000000,0.35000000,-1.20000000,2.14000000
10/01/22,-0.00731707,0.01296830,0.00524476,-0.00160514,-0.00619555,-0.01015354,0.00832201,-0.00801858,0.04498525,0.00470489,0.02273710,0.01908688,0.00991506,0.01922767,-0.03049505,0.01017877,0.01155216,0.00999052,0.01119933,-0.02034734,-0.11463634,-0.00760632,-0.11035891,-0.02351478,-0.01006447,0.00635436,0.00290797,0.00838313,0.00514657,-0.00116014,0.00000000,0.21000000,-0.04197421,-0.03194473,1.46000000,0.73000000,0.57000000,0.62000000,1.04000000,-0.73000000,0.94000000
01/01/23,0.00000000,0.01137980,-0.00137300,0.00482315,-0.00068186,-0.00475357,0.00163948,0.00566717,0.05645730,-0.00147785,0.00453516,0.01217965,0.00924809,0.01260823,-0.02287582,0.01024555,0.01210716,-0.00086015,0.01326556,-0.01299531,-0.08897904,0.00536684,-0.08286025,-0.03267138,-0.01388168,0.00556390,0.00932413,-0.02335844,0.00540513,0.00839644,0.50000000,-4.32000000,0.03436059,0.04337987,0.88000000,-0.18000000,-0.29000000,-0.36000000,-0.29000000,-1.06000000,0.21000000
04/01/23,0.00245700,0.01230661,0.00769936,0.00160000,0.00194951,-0.00188537,-0.00133091,-0.00947942,0.05210421,0.05354901,-0.01317676,0.00690706,0.00753652,0.00408800,-0.03037904,0.00620233,0.00907780,-0.01306985,0.00619927,-0.02393546,-0.07844738,0.03110216,-0.03147636,-0.03699422,-0.01348876,0.00511118,0.00200485,0.01272299,0.00544206,0.00494186,0.06250000,-4.24000000,0.01012579,0.00938709,0.48000000,-0.05000000,0.08000000,0.08000000,0.14000000,-0.53000000,-0.85000000
07/01/23,-0.00245098,0.01076763,0.01155176,0.00159744,0.00398871,0.00050371,0.00277166,0.00838820,-0.00507937,-0.01129342,-0.00239590,0.00256054,0.00843576,0.00599826,0.02576171,0.00633070,0.00504456,0.01518576,0.00506668,0.00354776,0.02351615,0.01903463,0.11843894,-0.01659677,-0.00184201,0.01193862,0.00767945,0.02414726,0.00555060,0.00656955,-0.15686275,-1.43000000,-0.01655413,-0.00577542,0.27000000,0.55000000,0.31000000,0.28000000,0.53000000,0.28000000,-1.38000000
10/01/23,-0.00491400,0.01065292,0.00791296,0.00000000,-0.00436047,-0.00755192,0.00141655,-0.00114586,0.00255265,0.00750030,0.00220966,0.00665729,0.00676404,0.00685841,-0.01110372,0.00446983,0.00510289,-0.00468677,0.00407324,-0.00574958,-0.01829412,0.00038027,-0.04522796,-0.01267271,-0.00084802,0.00838436,0.00810342,0.00185354,0.00560937,0.00800885,-0.06976744,0.28000000,-0.00054202,0.00623206,0.08000000,0.29000000,0.30000000,0.22000000,0.26000000,0.21000000,-1.10000000
