Date,Hours,Wages,Labor Productivity,Labor Participation,Industrial Production,Capacity Utilization,Inventories,Retail Sales,LMV Sales,Durable Goods Orders,Comm & Ind loans,Consumer Credit,CPI,CPI Food,CPI Energy,PCE,PCE ex Food & Energy,PPI Finished Goods,PPI Fin Goods ex Food & Energy,PPI Processed Goods,PPI Unprocessed Goods,House Price Index,WTI Crude,M1,M2,VIX Index,IG Index,HY Index,Fed Funds,US10Y,AAA Yield,BBB Yield,Mortgage Rate,Real GDP,Real PCE,Real Private Investment,Real Pot GDP,Real Pers Income,Personal Saving Rate
1992-01-01,40.70,10.67,61.05,66.30,61.96,79.85,810206.00,118277.00,12.55,117280.00,610.24,799.36,138.67,137.10,101.30,62.80,63.81,122.23,133.17,113.70,97.63,172.82,18.90,924.10,3395.00,17.56,144.04,142.61,4.04,7.27,8.27,9.20,8.69,10236.44,6530.34,1210.48,10533.56,7278.70,9.70
1992-04-01,40.80,10.74,61.57,66.60,63.08,80.79,816972.00,118415.00,12.83,124375.00,602.56,797.53,139.73,137.43,102.23,63.21,64.26,122.93,134.07,114.57,100.00,172.78,21.22,949.60,3397.20,15.62,147.45,146.22,3.78,7.39,8.28,9.13,8.68,10347.43,6574.67,1278.94,10596.35,7349.90,9.90
1992-07-01,40.80,10.80,62.12,66.60,63.58,80.89,826249.00,119426.00,12.78,121237.00,598.31,799.36,140.80,138.23,103.60,63.62,64.64,123.47,134.40,115.20,101.70,174.75,21.67,975.00,3401.00,13.90,155.47,154.35,3.30,6.65,7.99,8.72,8.02,10449.67,6645.14,1289.10,10660.47,7379.50,9.20
1992-10-01,40.90,10.87,62.49,66.30,64.22,81.23,831184.00,120800.00,13.28,125282.00,596.74,802.79,142.03,138.80,104.90,64.06,65.11,124.17,135.07,115.17,102.20,175.63,20.48,1014.80,3425.00,14.76,156.95,155.76,3.04,6.73,8.02,8.86,8.19,10558.65,6724.34,1328.43,10725.48,7443.20,8.80
1993-01-01,41.00,10.96,61.95,66.20,64.81,81.55,839626.00,121427.00,12.98,125751.00,593.43,812.35,143.07,139.43,104.73,64.44,65.56,124.70,135.87,115.87,101.53,175.71,19.83,1034.10,3415.10,13.26,163.62,162.17,3.04,6.31,7.74,8.43,7.72,10576.28,6750.12,1359.75,10791.44,7409.00,8.70
1993-04-01,41.10,11.01,61.59,66.30,64.94,81.36,847732.00,123370.00,14.21,128045.00,587.97,821.11,144.10,140.53,104.37,64.87,66.06,125.53,136.50,116.40,104.20,177.39,19.74,1062.90,3430.20,12.97,168.46,167.88,3.00,6.00,7.43,8.15,7.45,10637.85,6811.52,1367.58,10859.19,7468.60,8.20
1993-07-01,41.20,11.07,61.86,66.30,65.19,81.30,851782.00,125080.00,13.70,128241.00,587.01,834.79,144.77,141.03,103.27,65.16,66.43,124.37,135.47,116.27,101.20,178.83,17.81,1094.30,3446.60,12.12,175.16,174.65,3.05,5.64,6.92,7.66,7.09,10688.61,6887.33,1358.29,10927.95,7478.70,7.30
1993-10-01,41.30,11.15,62.10,66.30,66.20,82.12,859161.00,126518.00,14.61,132375.00,583.86,856.60,145.97,142.37,104.47,65.53,66.77,124.33,135.33,116.37,102.80,180.29,16.43,1122.30,3467.10,12.42,178.17,177.78,3.00,5.60,6.84,7.55,7.05,10833.99,6947.79,1429.66,10997.69,7551.20,7.10
1994-01-01,41.30,11.24,62.28,66.60,67.02,82.57,866481.00,128330.00,15.07,137396.00,590.09,881.24,146.70,142.77,103.73,65.77,67.08,124.97,136.33,116.83,103.23,181.42,14.83,1136.00,3476.90,13.44,176.68,177.71,3.19,6.04,7.14,7.83,7.30,10939.12,7027.26,1484.12,11068.29,7578.90,6.70
1994-04-01,41.80,11.29,62.34,66.50,68.24,83.40,881202.00,130071.00,14.90,142676.00,604.80,912.69,147.53,143.37,103.20,66.13,67.53,125.13,136.93,117.37,102.90,182.50,17.83,1143.20,3483.90,14.51,169.73,171.33,3.92,7.05,7.91,8.56,8.43,11087.36,7081.93,1557.11,11139.62,7687.30,6.90
1994-07-01,41.70,11.36,61.98,66.50,69.11,83.68,901538.00,131556.00,14.81,145461.00,621.17,944.44,148.90,145.00,105.77,66.61,67.90,125.93,137.53,119.00,101.00,183.25,18.47,1151.10,3486.70,12.52,170.50,172.88,4.49,7.33,8.17,8.84,8.59,11152.18,7135.93,1531.67,11212.44,7725.40,6.70
1994-10-01,41.80,11.45,62.63,66.70,70.52,84.54,919775.00,133542.00,15.40,150691.00,637.91,982.40,149.77,145.90,105.90,66.92,68.25,126.07,137.63,120.87,99.83,183.10,17.64,1150.60,3486.00,15.27,168.65,171.97,5.17,7.84,8.57,9.21,9.11,11279.93,7213.08,1594.68,11286.43,7823.10,7.00
1995-01-01,41.70,11.52,62.68,66.80,71.25,84.56,943297.00,132617.00,14.56,152401.00,664.82,1020.86,150.87,147.03,105.67,67.25,68.61,127.17,138.70,123.60,102.43,184.06,18.38,1148.50,3491.10,11.99,175.62,178.69,5.77,7.48,8.28,8.88,8.79,11319.95,7231.03,1611.43,11361.03,7882.00,7.50
1995-04-01,41.10,11.60,62.97,66.60,71.47,83.93,964810.00,133577.00,14.47,151430.00,684.85,1056.85,152.10,148.20,106.03,67.64,69.01,127.77,139.60,125.23,103.03,187.09,19.34,1146.30,3524.10,12.19,188.05,191.32,6.02,6.60,7.64,8.22,7.92,11353.72,7294.42,1577.96,11437.00,7924.50,6.80
1995-07-01,41.20,11.70,62.97,66.60,72.16,83.79,976353.00,134855.00,14.76,154487.00,702.43,1091.32,152.87,148.73,105.17,67.92,69.34,128.00,140.20,125.57,101.10,189.97,17.87,1144.30,3586.20,12.47,193.97,197.83,5.79,6.32,7.43,8.06,7.70,11450.31,7360.53,1568.56,11513.80,7996.60,6.70
1995-10-01,41.10,11.78,63.31,66.50,72.74,83.43,985458.00,135597.00,15.12,158299.00,711.31,1128.81,153.70,149.67,104.07,68.21,69.69,128.80,141.27,125.33,104.17,191.43,18.13,1133.00,3620.90,12.90,202.38,205.80,5.77,5.90,6.99,7.64,7.34,11528.07,7411.87,1607.51,11592.65,8076.60,6.50
1996-01-01,40.70,11.87,63.70,66.50,73.25,82.89,990384.00,136412.00,15.11,157185.00,724.45,1162.68,155.07,150.87,107.43,68.59,69.96,129.97,141.57,125.27,110.40,193.58,19.76,1121.50,3665.50,15.40,205.19,209.41,5.36,5.90,7.04,7.70,7.27,11614.42,7480.23,1633.33,11673.20,8156.80,6.50
1996-04-01,41.30,11.98,64.32,66.70,74.82,83.51,993000.00,137903.00,15.20,161977.00,736.75,1190.99,156.40,152.27,111.17,69.05,70.30,131.03,141.93,125.90,113.67,193.89,21.71,1118.80,3709.90,16.37,199.93,204.85,5.25,6.72,7.61,8.29,8.10,11808.14,7560.70,1711.81,11759.06,8258.40,6.30
1996-07-01,41.50,12.09,64.55,66.80,75.79,83.42,999470.00,138152.00,15.00,162113.00,750.40,1219.22,157.30,153.97,109.87,69.35,70.62,131.50,142.23,125.73,114.20,194.76,22.34,1103.40,3744.80,16.78,203.42,208.79,5.29,6.78,7.59,8.29,8.15,11914.06,7606.48,1789.57,11851.39,8336.90,6.40
1996-10-01,41.50,12.20,64.61,67.00,76.83,83.39,1004497.00,139499.00,15.07,166127.00,772.18,1242.40,158.67,155.97,112.07,69.82,71.02,132.60,142.23,126.07,116.70,196.28,24.63,1083.50,3795.50,17.21,212.12,218.15,5.29,6.36,7.24,7.93,7.70,12037.78,7667.06,1787.19,11950.00,8407.90,6.10
1997-01-01,41.60,12.32,64.48,67.00,78.29,83.75,1009618.00,140961.00,15.23,166539.00,789.09,1261.45,159.63,156.33,114.40,70.13,71.30,132.77,142.50,126.40,117.20,197.90,22.85,1077.50,3847.40,19.92,213.15,220.02,5.24,6.55,7.42,8.07,7.79,12115.47,7747.88,1823.26,12054.72,8516.20,6.00
1997-04-01,41.70,12.42,65.43,67.10,79.41,83.66,1019275.00,140333.00,14.53,172489.00,808.97,1278.54,160.00,156.67,109.93,70.30,71.67,131.53,142.47,125.47,107.70,199.53,19.92,1064.60,3890.70,19.92,215.37,222.58,5.53,6.71,7.58,8.20,7.93,12317.22,7782.76,1935.16,12164.94,8610.70,6.30
1997-07-01,41.70,12.56,65.97,67.20,81.27,84.18,1029736.00,142687.00,15.22,177999.00,822.90,1294.88,160.80,157.63,110.80,70.49,71.84,131.30,142.37,125.30,107.13,202.25,19.80,1069.20,3951.50,22.45,224.89,233.13,5.55,6.26,7.18,7.77,7.47,12471.01,7915.36,1962.05,12281.12,8739.70,5.80
1997-10-01,41.90,12.71,66.28,67.20,83.33,84.73,1041299.00,142568.00,15.51,180919.00,839.61,1315.53,161.67,158.53,111.00,70.71,72.07,131.63,142.43,125.47,112.67,204.88,19.96,1069.60,4013.30,27.09,231.85,240.54,5.51,5.92,6.89,7.45,7.21,12577.50,8009.96,1990.86,12402.11,8897.20,6.00
1998-01-01,41.70,12.83,66.89,67.10,84.27,84.04,1054499.00,143283.00,14.75,177481.00,861.41,1325.76,162.00,159.53,105.30,70.72,72.28,130.60,142.77,124.17,101.03,207.95,15.94,1076.20,4086.50,21.32,238.62,246.93,5.52,5.60,6.67,7.26,7.05,12703.74,8090.99,2078.21,12527.60,9109.80,7.00
1998-04-01,41.40,12.96,67.23,67.00,84.83,83.01,1061961.00,146027.00,16.18,177913.00,877.25,1365.83,162.53,160.07,103.07,70.84,72.50,130.53,143.47,123.40,99.10,209.81,14.64,1077.30,4162.90,21.53,242.52,250.84,5.48,5.60,6.64,7.26,7.10,12821.34,8233.46,2065.34,12658.12,9265.10,6.70
1998-07-01,41.40,13.06,68.15,67.10,85.47,82.25,1067072.00,145346.00,14.83,176971.00,904.57,1388.23,163.37,160.90,102.23,71.06,72.76,130.50,143.87,122.67,94.13,212.75,14.22,1077.00,4233.40,29.75,248.38,255.21,5.55,5.24,6.50,7.13,6.87,12982.75,8340.83,2118.99,12792.11,9380.90,6.40
1998-10-01,41.40,13.17,68.67,67.20,86.66,82.17,1075998.00,148937.00,16.42,179784.00,937.57,1411.61,164.13,162.20,100.90,71.25,72.99,131.00,144.77,121.83,92.57,215.26,12.93,1092.00,4343.10,29.54,254.62,257.77,4.87,4.66,6.34,7.24,6.76,13191.67,8461.33,2183.38,12929.70,9469.90,5.80
1999-01-01,41.30,13.30,69.62,67.10,87.62,82.01,1083284.00,151164.00,16.33,185587.00,939.47,1441.14,164.73,163.20,99.77,71.39,73.17,131.47,145.67,121.03,89.87,217.52,13.17,1097.10,4420.00,27.25,256.14,261.03,4.73,4.96,6.40,7.39,6.88,13315.60,8548.24,2243.55,13070.85,9556.90,5.90
1999-04-01,41.30,13.42,69.87,67.10,88.46,81.81,1095868.00,153175.00,16.77,183849.00,946.51,1468.38,165.97,163.67,104.97,71.80,73.43,132.27,145.73,122.23,95.03,220.43,17.65,1101.70,4484.40,24.40,253.40,260.64,4.75,5.51,6.91,7.72,7.18,13426.75,8679.14,2244.68,13214.56,9582.20,4.50
1999-07-01,41.50,13.55,70.51,67.00,89.26,81.65,1107401.00,155302.00,17.14,189136.00,967.51,1502.22,167.20,164.23,109.33,72.19,73.70,133.57,146.00,124.03,102.03,223.55,21.72,1098.30,4551.30,23.32,250.86,257.64,5.09,5.88,7.32,8.09,7.79,13604.77,8776.72,2306.47,13360.46,9665.80,4.10
1999-10-01,41.40,13.67,71.55,67.10,90.85,82.22,1127121.00,157655.00,17.34,192496.00,993.18,1524.57,168.43,165.27,112.43,72.63,74.04,134.83,146.93,125.37,105.97,225.85,24.60,1112.10,4613.30,22.66,252.73,258.82,5.32,6.13,7.48,8.24,7.84,13827.98,8905.09,2367.99,13508.53,9820.10,3.90
2000-01-01,41.50,13.80,71.26,67.30,91.75,82.18,1145708.00,159756.00,18.27,192467.00,1015.58,1549.72,170.10,166.10,119.37,73.22,74.43,136.37,147.17,127.43,110.33,230.17,28.90,1112.70,4685.30,23.15,252.84,260.24,5.64,6.47,7.71,8.33,8.26,13878.15,9039.74,2351.22,13657.54,10041.60,4.10
2000-04-01,41.40,13.94,72.69,67.20,92.88,82.35,1165263.00,158635.00,17.33,201132.00,1050.04,1587.86,171.43,167.13,122.57,73.57,74.69,137.33,147.67,128.60,117.07,233.92,28.92,1107.70,4763.90,24.92,255.33,259.00,6.26,6.18,7.77,8.61,8.32,14130.91,9124.15,2490.50,13802.28,10149.20,4.30
2000-07-01,41.20,14.07,72.63,66.90,92.80,81.47,1180702.00,158590.00,17.40,192647.00,1071.00,1650.12,173.00,168.63,126.77,74.04,75.05,138.37,148.30,129.73,121.77,238.19,31.63,1101.10,4820.00,19.17,263.74,268.43,6.52,5.89,7.60,8.31,8.02,14145.31,9211.57,2466.38,13940.47,10283.70,4.50
2000-10-01,40.80,14.23,73.38,66.90,92.55,80.44,1194284.00,158552.00,16.40,188070.00,1081.21,1700.84,174.23,169.40,129.63,74.46,75.42,140.07,148.70,130.90,133.47,241.83,32.06,1093.20,4891.50,26.02,272.60,273.46,6.51,5.57,7.41,8.21,7.62,14229.77,9292.05,2471.53,14071.30,10347.70,4.20
2001-01-01,40.60,14.36,72.98,67.20,91.41,78.68,1191871.00,158056.00,17.18,179847.00,1093.55,1746.37,175.90,171.07,133.60,75.01,75.91,141.60,149.40,131.63,146.57,247.82,28.76,1102.30,5020.60,25.73,287.71,287.23,5.61,5.05,7.08,7.89,7.01,14183.12,9325.75,2358.97,14194.96,10424.80,4.70
2001-04-01,40.40,14.50,74.24,66.80,90.25,76.96,1179906.00,158584.00,16.71,175316.00,1081.81,1782.21,177.13,172.53,135.87,75.36,76.20,142.03,150.03,130.97,127.80,251.97,27.92,1120.50,5147.50,23.92,292.78,292.55,4.37,5.28,7.22,8.04,7.13,14271.69,9344.49,2362.65,14311.60,10383.20,4.40
2001-07-01,40.40,14.59,74.66,66.70,89.01,75.30,1161962.00,157068.00,16.07,168245.00,1059.66,1805.99,177.63,173.93,129.27,75.40,76.40,140.70,150.57,129.27,110.93,255.88,26.70,1164.90,5263.00,25.38,301.82,302.49,3.55,4.99,7.10,7.94,6.96,14214.52,9377.00,2311.41,14421.41,10351.30,6.30
2001-10-01,40.10,14.70,75.59,66.70,88.03,73.98,1127980.00,162507.00,18.53,166882.00,1033.43,1851.85,177.50,174.80,117.90,75.43,76.76,138.50,150.13,126.90,98.53,259.05,20.50,1173.30,5383.90,27.91,310.44,307.85,2.19,4.76,6.93,7.92,6.77,14253.57,9528.30,2196.55,14525.43,10277.60,3.30
2002-01-01,40.30,14.79,77.18,66.60,88.69,74.15,1112480.00,159645.00,16.67,167861.00,1013.66,1881.34,178.07,175.70,115.10,75.58,77.00,138.17,150.03,125.87,100.67,262.77,21.64,1191.50,5477.60,21.36,312.82,308.39,1.72,5.08,6.62,7.95,6.97,14372.79,9549.52,2262.07,14624.27,10283.80,5.50
2002-04-01,40.60,14.88,77.30,66.70,90.05,75.07,1110068.00,159948.00,16.60,169925.00,991.81,1915.25,179.47,176.03,121.67,76.15,77.42,138.63,150.33,127.20,107.40,267.24,26.27,1189.80,5521.10,21.64,317.44,307.56,1.75,5.11,6.72,8.03,6.81,14460.85,9597.82,2298.94,14719.75,10309.20,5.90
2002-07-01,40.50,15.01,77.90,66.60,90.61,75.45,1122998.00,160992.00,17.42,172749.00,971.78,1945.79,180.43,176.23,123.07,76.54,77.84,138.83,150.07,128.20,108.53,272.55,28.32,1194.10,5625.60,35.07,331.15,308.55,1.74,4.29,6.36,7.64,6.29,14519.63,9664.99,2295.98,14813.45,10301.80,5.40
2002-10-01,40.40,15.15,77.78,66.40,90.56,75.44,1134178.00,160698.00,16.57,167706.00,960.35,1964.81,181.50,176.80,126.90,76.90,78.11,139.90,150.10,129.90,116.03,276.42,28.30,1211.30,5741.00,30.73,340.68,316.53,1.48,4.01,6.28,7.61,6.08,14537.58,9718.75,2293.75,14905.92,10342.40,5.50
2003-01-01,40.30,15.26,78.55,66.40,91.13,75.99,1145591.00,160471.00,16.14,172117.00,943.22,1992.39,183.37,177.87,139.40,77.48,78.35,142.60,150.13,133.83,138.17,279.78,34.04,1234.90,5835.60,30.02,351.20,333.85,1.24,3.92,6.02,7.13,5.84,14614.14,9766.62,2312.47,14998.24,10302.70,5.10
2003-04-01,40.20,15.32,79.58,66.40,90.45,75.50,1145893.00,162352.00,16.42,171465.00,925.56,2024.96,183.07,179.00,131.90,77.56,78.65,142.27,150.03,132.87,131.20,283.20,28.98,1266.60,5951.40,21.53,362.55,354.65,1.25,3.63,5.32,6.48,5.51,14743.57,9878.44,2327.49,15091.22,10402.80,5.10
2003-07-01,40.30,15.41,81.35,66.10,91.05,76.05,1136543.00,165640.00,17.22,175018.00,910.33,2048.76,184.43,180.40,137.63,78.07,79.01,143.50,150.40,133.67,132.37,287.57,30.22,1293.70,6072.10,19.32,357.95,353.02,1.02,4.22,5.69,6.80,6.03,14988.78,10018.12,2411.64,15184.29,10473.80,5.50
2003-10-01,40.70,15.45,82.11,66.00,91.93,76.82,1145336.00,165780.00,16.78,182301.00,884.07,2069.75,185.13,182.57,137.83,78.46,79.37,144.83,151.03,134.47,139.50,295.71,31.17,1301.00,6066.70,17.43,361.66,361.89,1.00,4.28,5.65,6.66,5.92,15162.76,10087.09,2493.93,15278.80,10593.50,5.00
2004-01-01,41.00,15.53,81.87,66.00,92.58,77.39,1158404.00,167389.00,16.59,183742.00,873.50,2097.77,186.70,183.83,144.93,79.06,79.80,145.97,151.50,137.60,150.90,300.36,35.34,1318.70,6113.30,16.66,370.52,375.60,1.00,4.03,5.46,6.29,5.60,15248.68,10181.14,2498.14,15375.24,10592.40,4.60
2004-04-01,40.90,15.63,82.72,66.00,93.12,77.87,1184876.00,167837.00,16.67,184489.00,865.56,2120.51,188.17,185.70,147.50,79.59,80.26,148.00,152.33,141.33,159.43,307.69,38.32,1336.30,6243.30,16.21,363.40,366.80,1.01,4.56,5.90,6.64,6.11,15366.85,10236.69,2597.51,15473.37,10703.50,5.00
2004-07-01,40.80,15.73,83.11,66.00,93.64,78.32,1213812.00,169351.00,17.01,186336.00,882.62,2146.89,189.37,186.90,151.83,79.99,80.55,148.53,152.87,144.03,159.00,319.40,43.89,1352.50,6313.40,15.45,371.24,377.03,1.42,4.34,5.68,6.48,5.89,15512.62,10356.94,2638.67,15573.87,10813.30,4.50
2004-10-01,40.60,15.84,83.47,65.90,94.97,79.37,1235195.00,171795.00,17.20,190437.00,897.73,2184.24,191.40,188.20,161.57,80.67,80.98,151.57,154.10,147.40,166.97,326.24,48.30,1370.80,6397.10,13.65,377.52,387.23,1.95,4.17,5.48,6.19,5.74,15670.88,10474.08,2693.58,15675.86,10956.10,4.50
2005-01-01,40.60,15.93,84.38,65.90,96.29,80.31,1260972.00,172464.00,16.57,192653.00,933.10,2209.51,192.37,188.80,160.83,81.14,81.56,152.77,155.43,149.57,165.87,333.72,49.90,1369.70,6433.10,12.79,378.96,391.28,2.46,4.29,5.32,5.96,5.77,15844.73,10540.64,2769.26,15776.04,10852.20,2.50
2005-04-01,40.40,16.04,84.29,66.10,96.84,80.51,1275703.00,174716.00,17.39,203830.00,967.48,2237.68,193.67,190.50,164.57,81.65,81.96,154.00,156.20,151.00,169.87,344.41,53.11,1368.20,6478.30,13.41,383.46,390.11,2.94,4.19,5.17,5.99,5.71,15922.78,10657.45,2733.23,15873.33,10956.70,2.20
2005-07-01,40.50,16.17,84.88,66.10,96.42,79.85,1275911.00,175302.00,17.98,201104.00,995.45,2265.30,196.60,191.17,188.17,82.53,82.28,156.70,156.93,154.23,185.40,354.89,63.31,1375.10,6570.60,12.25,386.31,395.12,3.45,4.20,5.08,5.97,5.76,16047.59,10745.87,2769.11,15968.89,11018.90,1.80
2005-10-01,40.90,16.32,84.87,66.00,97.30,80.24,1302101.00,174508.00,15.85,217378.00,1024.36,2283.81,198.43,192.50,194.83,83.19,82.83,159.60,156.80,160.93,208.20,362.92,60.03,1375.60,6658.50,12.78,384.24,390.78,3.97,4.49,5.38,6.33,6.23,16136.73,10765.68,2857.35,16061.95,11148.90,2.50
2006-01-01,41.00,16.48,85.47,66.10,98.23,80.66,1330275.00,178427.00,16.83,218822.00,1058.73,2376.09,199.47,193.77,194.23,83.62,83.31,159.50,157.97,161.83,189.80,368.67,63.27,1380.40,6745.30,12.04,387.05,394.22,4.43,4.57,5.39,6.31,6.25,16353.84,10883.08,2899.23,16152.34,11380.40,3.20
2006-04-01,41.20,16.67,85.37,66.10,98.81,80.75,1362526.00,177544.00,16.36,217221.00,1102.37,2400.22,201.27,194.20,199.37,84.36,83.98,160.87,158.80,164.20,181.93,372.45,70.46,1381.30,6817.30,14.53,383.47,388.75,4.90,5.07,5.90,6.74,6.60,16396.15,10939.50,2882.56,16240.36,11446.10,3.00
2006-07-01,41.20,16.82,85.19,66.10,99.20,80.61,1389566.00,176974.00,16.48,218223.00,1144.69,2415.21,203.17,195.73,205.97,84.96,84.43,161.10,158.67,165.57,183.40,375.51,70.48,1369.70,6915.90,13.61,391.78,397.62,5.24,4.90,5.68,6.59,6.56,16420.74,11009.75,2871.59,16324.19,11443.90,2.40
2006-10-01,41.10,16.99,85.75,66.30,99.44,80.26,1405907.00,178162.00,16.34,223668.00,1171.22,2442.29,202.33,197.00,186.97,84.82,84.79,159.93,159.47,163.83,184.47,379.35,59.94,1369.20,7031.10,11.03,402.66,411.11,5.25,4.63,5.39,6.29,6.24,16561.87,11114.77,2818.23,16403.59,11623.70,2.60
2007-01-01,41.10,17.15,86.05,66.30,100.46,80.52,1417495.00,178608.00,16.37,224486.00,1204.52,2470.81,204.32,199.52,194.27,85.60,85.38,162.57,160.67,165.37,196.70,380.76,58.08,1367.10,7131.30,12.56,407.63,417.68,5.25,4.68,5.36,6.30,6.21,16611.69,11183.32,2800.04,16483.84,11715.30,2.70
2007-04-01,41.30,17.34,86.31,66.00,101.62,80.96,1437277.00,178301.00,16.11,230375.00,1244.96,2507.62,206.63,201.75,207.25,86.32,85.73,165.80,161.37,169.47,204.90,380.51,64.97,1375.70,7251.80,13.73,409.05,419.22,5.25,4.85,5.58,6.49,6.36,16713.31,11212.67,2827.01,16565.40,11806.90,2.80
2007-07-01,41.30,17.50,87.07,65.90,101.71,80.72,1453520.00,178552.00,15.91,231802.00,1313.15,2551.14,207.94,204.08,208.93,86.81,86.15,166.93,162.23,171.10,201.83,376.26,75.22,1374.60,7365.80,21.59,411.24,419.27,5.10,4.74,5.76,6.63,6.55,16809.59,11287.47,2794.53,16648.12,11806.30,2.40
2007-10-01,41.20,17.63,87.74,65.90,102.03,80.93,1477074.00,178705.00,15.96,234049.00,1395.30,2596.48,210.49,206.34,220.62,87.69,86.75,171.13,163.23,175.43,226.50,375.04,90.58,1374.90,7443.50,22.03,420.60,429.11,4.54,4.27,5.54,6.51,6.22,16915.19,11331.95,2762.52,16731.37,11800.60,2.20
2008-01-01,41.20,17.80,87.17,66.10,101.78,80.85,1505137.00,175436.00,15.12,236431.00,1453.72,2633.18,212.77,208.78,229.95,88.41,87.21,174.20,164.67,181.53,253.60,372.29,97.86,1382.30,7584.10,26.12,430.37,431.06,3.27,3.68,5.45,6.74,5.87,16843.00,11316.41,2687.00,16814.13,11838.70,2.80
2008-04-01,41.10,17.98,88.20,66.00,100.25,79.76,1519572.00,173996.00,14.23,229239.00,1493.18,2658.95,215.54,212.16,246.93,89.27,87.57,178.50,166.23,190.93,284.77,362.90,123.78,1396.50,7713.10,20.67,427.06,428.59,2.09,3.88,5.60,6.99,6.09,16943.29,11347.60,2641.85,16894.42,11724.20,4.60
2008-07-01,40.80,18.16,88.41,66.10,96.94,77.06,1534587.00,169674.00,13.08,216587.00,1518.96,2661.65,218.86,216.58,264.61,90.22,88.02,182.70,168.13,198.90,276.30,351.46,118.29,1430.20,7808.40,25.09,419.07,423.84,1.99,3.87,5.64,7.18,6.32,16854.30,11260.14,2589.25,16971.79,11660.80,3.50
2008-10-01,40.10,18.31,87.94,65.90,92.80,73.51,1492726.00,159651.00,10.35,182438.00,1573.50,2652.00,213.85,218.94,203.27,88.78,87.95,173.63,170.57,180.47,193.30,348.22,58.68,1530.00,8057.70,58.59,400.32,373.74,0.56,3.30,5.85,8.82,5.84,16485.35,11158.80,2338.94,17045.16,11747.60,5.60
2009-01-01,39.50,18.44,88.95,65.70,87.57,69.07,1427104.00,157308.00,9.38,148747.00,1529.69,2636.13,212.38,218.90,180.27,88.18,87.95,170.17,170.97,170.53,165.53,350.80,43.14,1576.30,8315.40,45.00,414.98,392.24,0.19,2.70,5.24,8.20,5.06,16298.26,11130.46,2073.14,17113.13,11332.50,5.70
2009-04-01,39.40,18.54,90.99,65.70,85.14,66.95,1371601.00,156976.00,9.72,147918.00,1465.77,2605.82,213.51,217.93,184.81,88.53,88.29,171.27,171.43,169.83,168.30,341.60,59.61,1629.30,8414.70,33.02,420.29,420.26,0.18,3.30,5.52,8.02,5.01,16269.15,11075.75,1952.64,17177.09,11181.20,6.80
2009-07-01,40.00,18.65,92.42,65.30,86.59,68.08,1325261.00,158769.00,11.76,156407.00,1365.59,2583.19,215.34,217.34,200.05,89.14,88.61,172.97,171.60,173.07,172.73,332.69,68.14,1662.50,8444.80,25.49,448.07,471.43,0.16,3.53,5.28,6.71,5.16,16326.28,11150.23,1946.87,17237.65,11046.90,5.10
2009-10-01,40.40,18.79,93.68,64.90,87.94,69.36,1329827.00,158518.00,10.75,160679.00,1287.63,2556.67,217.03,217.65,208.52,89.83,89.16,176.00,171.90,176.57,194.33,330.16,76.00,1684.50,8489.30,23.07,463.41,499.21,0.12,3.44,5.18,6.31,4.92,16502.75,11137.95,2128.52,17296.78,11062.00,5.30
2010-01-01,40.80,18.90,93.77,64.90,89.61,71.07,1341830.00,160537.00,10.78,181205.00,1224.18,2536.69,217.37,218.68,210.59,90.18,89.46,178.50,172.67,180.83,211.57,326.22,78.81,1695.50,8490.00,20.15,468.59,515.65,0.13,3.72,5.29,6.29,5.00,16582.71,11202.50,2174.34,17356.75,11073.50,5.40
2010-04-01,41.20,19.00,94.08,64.90,91.35,72.92,1359855.00,163371.00,11.49,186182.00,1198.11,2524.29,217.30,219.28,206.54,90.32,89.71,178.70,173.30,182.80,206.10,323.25,77.82,1713.60,8578.00,26.39,477.65,527.98,0.19,3.53,5.07,6.19,4.92,16743.16,11302.96,2288.47,17418.49,11295.00,6.20
2010-07-01,41.20,19.09,94.67,64.60,92.57,74.31,1392973.00,163726.00,11.74,193728.00,1187.64,2521.21,217.93,219.64,208.49,90.49,89.84,179.37,173.97,182.73,209.40,326.40,76.06,1746.30,8662.70,24.28,496.80,551.31,0.19,2.81,4.59,5.81,4.45,16872.27,11383.60,2390.07,17483.43,11385.10,6.10
2010-10-01,41.30,19.21,94.97,64.40,92.96,74.89,1436283.00,166863.00,12.22,194573.00,1188.06,2569.38,219.70,220.89,221.11,91.07,90.13,182.67,174.40,187.43,222.13,324.08,85.16,1815.20,8773.70,19.32,501.69,562.54,0.19,2.86,4.84,5.90,4.44,16960.86,11453.37,2383.30,17550.88,11461.00,6.00
2011-01-01,41.30,19.32,94.27,64.20,93.46,75.40,1474693.00,168916.00,12.78,204259.00,1200.94,2664.39,222.04,223.73,233.80,91.84,90.52,187.20,175.73,194.80,242.87,315.08,94.07,1871.00,8884.50,18.61,497.57,561.90,0.16,3.46,5.13,6.09,4.85,16920.63,11497.12,2338.90,17620.92,11734.70,6.60
2011-04-01,41.40,19.39,94.34,64.10,93.83,75.61,1516990.00,169744.00,12.20,203161.00,1225.78,2685.68,224.57,226.84,248.09,92.74,91.05,190.93,177.13,201.47,255.73,309.54,102.02,1934.00,9077.10,17.48,508.56,579.37,0.10,3.23,5.04,5.86,4.65,17035.11,11508.95,2434.54,17693.45,11740.30,6.40
2011-07-01,41.40,19.48,94.16,64.10,94.87,76.20,1537889.00,170199.00,12.57,209300.00,1259.16,2715.56,226.03,229.60,247.21,93.17,91.47,191.83,178.57,202.43,252.20,311.85,89.49,2077.10,9450.80,30.58,519.53,594.21,0.08,2.46,4.49,5.48,4.29,17031.31,11543.98,2445.30,17768.33,11850.40,6.60
2011-10-01,41.50,19.56,94.61,64.10,95.86,76.62,1558827.00,172144.00,13.42,216722.00,1292.21,2743.65,227.05,231.19,245.88,93.47,91.79,192.67,179.67,200.60,246.83,313.28,94.02,2158.70,9611.60,29.94,524.18,597.02,0.08,2.05,3.92,5.25,4.00,17222.58,11563.89,2633.83,17844.75,11874.00,6.60
2012-01-01,41.70,19.61,95.09,63.80,96.82,76.96,1584942.00,174774.00,14.30,224690.00,1338.98,2779.77,228.33,232.32,247.84,94.09,92.37,193.80,181.00,201.63,246.40,310.00,102.98,2212.20,9783.20,18.20,534.46,617.17,0.10,2.04,3.90,5.20,3.92,17367.01,11647.30,2692.18,17922.49,12094.40,7.40
2012-04-01,41.70,19.69,95.57,63.70,97.43,77.02,1606450.00,174045.00,14.22,218596.00,1381.77,2816.93,228.81,233.32,242.46,94.32,92.76,193.00,181.83,200.43,232.37,308.58,93.29,2256.30,9937.40,20.04,544.03,631.12,0.15,1.82,3.80,5.09,3.79,17444.53,11667.75,2752.61,18001.83,12180.90,7.90
2012-07-01,41.60,19.76,95.30,63.60,97.41,76.61,1633916.00,174729.00,14.29,213284.00,1424.66,2854.33,229.84,234.16,243.85,94.60,93.02,194.53,183.10,199.70,240.57,312.70,92.17,2351.90,10124.60,16.19,560.40,652.58,0.15,1.64,3.45,4.88,3.55,17469.65,11691.41,2759.86,18082.20,12101.20,7.00
2012-10-01,41.60,19.85,94.95,63.70,97.89,76.63,1651975.00,175974.00,14.92,222273.00,1460.33,2899.33,231.37,235.26,249.85,95.13,93.44,195.90,183.57,201.13,246.50,315.15,88.01,2440.70,10354.90,16.77,568.14,672.99,0.16,1.70,3.53,4.57,3.36,17489.85,11738.01,2736.42,18163.43,12513.10,9.10
2013-01-01,41.80,19.98,95.40,63.50,98.65,76.90,1671768.00,178389.00,15.47,225209.00,1492.16,2949.42,232.30,236.07,249.11,95.46,93.80,196.83,184.17,202.27,247.80,316.72,94.33,2474.00,10514.20,13.53,565.74,675.29,0.15,1.95,3.87,4.81,3.50,17662.40,11814.33,2845.38,18246.14,12048.70,4.80
2013-04-01,41.80,20.07,95.17,63.40,99.09,76.98,1674795.00,178365.00,15.59,236596.00,1513.07,2987.46,232.05,236.70,241.22,95.51,94.06,195.87,184.80,200.27,248.77,321.55,94.05,2516.50,10628.70,14.84,566.51,678.61,0.12,1.99,3.96,4.83,3.67,17709.67,11848.09,2882.49,18329.24,12167.60,5.30
2013-07-01,41.80,20.18,95.85,63.30,99.49,77.09,1689199.00,179069.00,15.56,227713.00,1535.03,3030.29,233.30,237.39,243.52,95.90,94.43,196.50,185.30,200.37,248.30,326.16,105.83,2559.70,10777.40,14.28,550.78,654.52,0.09,2.71,4.50,5.40,4.44,17860.45,11896.26,2998.99,18412.63,12189.00,5.20
2013-10-01,41.90,20.30,96.77,62.90,100.15,77.44,1718077.00,179744.00,15.51,237852.00,1560.78,3076.59,234.16,237.96,243.47,96.25,94.84,197.57,186.07,200.43,241.60,328.76,97.50,2648.10,10988.80,14.23,557.83,667.29,0.09,2.74,4.59,5.36,4.29,18016.15,12001.03,3027.81,18496.91,12224.50,4.60
2014-01-01,41.70,20.47,95.96,63.00,100.84,77.82,1742236.00,180101.00,15.82,230662.00,1613.61,3128.87,235.62,239.45,250.08,96.70,95.14,200.27,187.63,203.07,256.03,331.47,98.68,2731.20,11161.70,14.83,566.29,683.82,0.07,2.78,4.45,5.13,4.36,17953.97,12044.20,2998.15,18582.07,12395.90,5.20
2014-04-01,42.00,20.55,96.59,62.80,102.23,78.71,1764623.00,183412.00,16.71,236657.00,1663.68,3188.01,236.87,242.10,249.60,97.13,95.56,201.40,188.20,203.27,260.57,337.89,103.35,2792.20,11314.80,12.74,577.23,706.72,0.09,2.62,4.22,4.82,4.23,18185.91,12159.90,3121.32,18667.95,12524.50,5.50
2014-07-01,42.00,20.65,97.41,62.90,102.82,78.94,1779896.00,184477.00,16.73,257471.00,1710.79,3243.48,237.48,243.84,245.35,97.39,95.92,201.23,188.97,202.90,248.80,342.79,97.87,2828.50,11457.70,13.07,583.95,718.81,0.09,2.50,4.12,4.74,4.14,18406.94,12280.09,3193.15,18755.44,12650.60,5.40
2014-10-01,42.10,20.73,97.08,62.90,103.42,79.20,1789803.00,185724.00,16.54,228667.00,1751.82,3287.53,236.89,245.50,228.20,97.27,96.18,198.83,189.73,198.37,232.10,345.57,73.21,2908.10,11623.00,16.07,592.11,721.71,0.10,2.29,3.88,4.74,3.96,18500.03,12421.60,3203.35,18843.65,12850.50,5.70
2015-01-01,41.90,20.85,97.63,62.70,102.27,78.18,1794778.00,186036.00,16.80,224591.00,1811.36,3336.46,235.36,246.26,202.90,96.83,96.34,193.67,191.10,190.17,195.70,349.36,48.49,2986.50,11839.70,16.56,606.23,732.54,0.11,1.98,3.58,4.51,3.72,18666.62,12516.90,3314.90,18932.38,13056.30,6.20
2015-04-01,41.80,20.97,98.12,62.80,100.84,77.03,1811838.00,187915.00,17.38,224678.00,1863.56,3398.93,236.96,246.39,208.19,97.31,96.77,194.73,192.00,189.43,197.77,355.03,57.85,2997.00,11959.40,13.74,601.89,729.11,0.12,2.15,3.88,4.81,3.82,18782.24,12603.05,3328.05,19021.59,13101.70,5.80
2015-07-01,41.80,21.07,98.39,62.50,100.90,77.09,1824519.00,188998.00,17.87,222370.00,1902.74,3458.29,237.86,247.80,205.82,97.57,97.08,194.73,193.07,188.17,189.03,360.06,46.49,3032.30,12103.60,19.31,598.09,716.61,0.13,2.24,4.10,5.24,3.95,18857.42,12691.79,3335.27,19110.64,13168.30,5.70
2015-10-01,41.80,21.21,97.79,62.60,99.52,76.07,1827023.00,188727.00,17.59,222875.00,1943.05,3470.19,237.84,248.50,193.62,97.49,97.32,192.10,193.23,183.97,173.83,362.97,41.94,3071.20,12280.40,17.03,603.52,714.49,0.16,2.18,3.99,5.41,3.90,18892.21,12743.41,3315.33,19199.32,13247.20,5.70
2016-01-01,41.80,21.34,98.21,62.80,98.85,75.57,1822026.00,189315.00,17.36,221549.00,1990.01,3440.36,237.69,248.33,181.29,97.54,97.73,190.00,194.10,179.53,163.90,366.32,33.35,3129.30,12545.30,20.49,611.28,711.05,0.36,1.95,3.94,5.34,3.74,19001.69,12839.62,3301.09,19287.69,13289.80,5.90
2016-04-01,41.80,21.48,98.26,62.80,98.48,75.25,1834075.00,189934.00,17.29,219916.00,2043.72,3502.62,239.59,247.93,189.40,98.16,98.26,191.30,194.93,181.37,173.77,373.17,45.46,3225.50,12761.60,15.68,630.08,749.99,0.37,1.77,3.61,4.69,3.59,19062.71,12903.31,3287.03,19376.03,13263.00,5.20
2016-07-01,41.90,21.60,98.61,62.90,98.75,75.38,1838783.00,190926.00,17.62,216514.00,2059.81,3560.91,240.61,247.73,190.02,98.50,98.69,192.27,195.60,183.27,177.23,379.82,44.85,3293.70,12968.30,13.23,644.41,779.34,0.40,1.56,3.34,4.26,3.45,19197.94,12993.06,3301.08,19464.22,13354.90,5.10
2016-10-01,41.90,21.73,99.27,62.70,98.70,75.30,1851482.00,191727.00,17.64,223475.00,2086.38,3617.73,242.14,247.76,197.29,98.95,99.03,194.00,196.37,184.70,178.63,382.78,49.14,3346.00,13167.10,14.10,629.88,767.02,0.44,2.14,3.82,4.64,3.84,19304.35,13060.06,3391.75,19552.48,13450.80,5.20
2017-01-01,41.90,21.84,99.44,62.90,98.77,75.38,1865414.00,193871.00,17.09,221350.00,2077.02,3669.83,243.84,248.68,204.01,99.52,99.49,196.97,197.50,188.57,191.20,385.54,51.62,3415.90,13349.40,11.69,627.72,769.86,0.69,2.45,3.96,4.66,4.17,19398.34,13160.48,3382.70,19641.43,13591.10,5.50
2017-04-01,42.00,21.97,99.49,62.90,100.15,76.59,1872972.00,193749.00,16.71,227758.00,2070.25,3713.22,244.12,249.78,199.74,99.72,99.82,196.80,198.60,189.70,189.50,394.18,48.10,3497.30,13524.20,11.43,639.20,789.90,0.94,2.26,3.80,4.49,3.98,19506.95,13225.74,3435.93,19730.98,13751.40,6.00
2017-07-01,41.90,22.12,100.28,63.00,99.84,76.58,1894887.00,194613.00,17.12,222483.00,2087.77,3756.28,245.29,250.49,203.39,100.08,100.12,197.57,199.00,190.63,189.47,400.24,48.18,3568.10,13677.60,10.94,648.29,805.32,1.16,2.24,3.65,4.33,3.88,19660.77,13315.38,3493.17,19823.40,13867.30,6.00
2017-10-01,42.00,22.23,101.02,62.70,101.24,77.93,1910214.00,197890.00,17.69,233563.00,2106.86,3813.71,247.24,251.32,211.65,100.68,100.57,200.90,200.37,194.07,193.07,403.57,55.27,3616.80,13814.10,10.31,651.85,813.40,1.19,2.37,3.56,4.27,3.92,19882.35,13460.90,3558.86,19918.53,14017.90,5.50
2018-01-01,42.10,22.43,101.39,62.90,101.80,78.58,1933516.00,197468.00,16.97,234514.00,2112.48,3863.21,249.32,252.34,217.57,101.38,101.21,202.60,201.43,197.53,199.03,409.25,62.91,3643.30,13906.40,17.35,643.93,805.79,1.44,2.76,3.74,4.46,4.28,20044.08,13558.37,3612.94,20016.51,14071.50,5.80
2018-04-01,42.20,22.60,101.38,62.90,102.98,79.60,1943432.00,198643.00,17.24,241463.00,2173.71,3895.57,250.68,252.97,220.39,101.91,101.75,203.53,202.63,200.60,200.37,416.78,68.07,3655.40,14044.70,15.34,638.92,793.96,1.73,2.92,3.93,4.78,4.54,20150.48,13630.97,3612.39,20117.45,14170.50,6.10
2018-07-01,42.10,22.78,101.69,62.80,103.84,80.26,1967699.00,199259.00,17.15,240170.00,2210.45,3940.77,251.69,253.95,222.22,102.25,102.08,204.77,204.03,202.73,199.10,421.87,69.69,3692.90,14187.70,12.86,643.80,800.20,1.91,2.92,3.91,4.81,4.57,20276.15,13693.79,3722.25,20220.77,14336.40,6.60
2018-10-01,42.00,23.00,101.53,62.90,103.98,80.25,1992968.00,199054.00,17.54,236712.00,2273.93,3990.96,252.71,254.98,219.38,102.64,102.55,205.50,205.50,202.83,201.93,423.32,59.97,3731.50,14278.30,21.05,641.68,792.15,2.21,3.04,4.13,5.14,4.78,20304.87,13736.57,3724.75,20325.13,14460.20,7.20
2019-01-01,41.80,23.22,102.68,63.10,103.01,79.34,2022082.00,198458.00,16.68,231713.00,2328.53,4040.36,253.39,257.16,209.14,102.88,102.96,203.70,207.00,199.27,189.73,428.05,54.82,3743.50,14456.10,16.47,661.84,816.28,2.40,2.66,3.84,4.97,4.37,20415.15,13752.59,3751.76,20430.44,14619.20,8.20
2019-04-01,41.60,23.39,103.35,62.90,102.39,78.66,2038244.00,200352.00,17.01,223262.00,2330.72,4082.14,255.25,257.70,219.29,103.42,103.41,206.20,207.57,199.23,186.30,435.18,59.88,3799.80,14646.60,15.18,681.72,853.30,2.40,2.34,3.60,4.60,4.01,20584.53,13862.80,3778.21,20536.80,14642.10,7.40
2019-07-01,41.50,23.62,104.43,63.10,102.44,78.49,2046714.00,202622.00,17.22,224429.00,2358.74,4130.56,256.09,258.40,214.52,103.67,103.80,205.60,208.03,196.93,182.03,440.74,56.34,3876.10,14932.00,15.96,712.57,895.95,2.22,1.80,3.10,4.03,3.66,20817.58,14003.78,3818.11,20643.27,14707.80,7.00
2019-10-01,41.40,23.81,105.35,63.30,101.88,77.86,2044779.00,202703.00,16.93,217623.00,2364.07,4172.32,257.89,259.99,217.98,104.08,104.13,207.50,208.70,197.20,185.40,444.65,56.84,3964.30,15240.30,13.99,720.77,912.86,1.66,1.79,3.02,3.92,3.70,20951.09,14093.88,3773.24,20747.19,14814.50,6.90
2020-01-01,41.30,24.02,105.27,63.10,100.23,76.50,2027517.00,196875.00,14.77,220934.00,2419.99,4212.35,258.77,261.98,211.29,104.42,104.58,205.37,209.30,194.63,172.90,449.81,45.34,4072.70,15591.60,31.22,732.23,919.89,1.35,1.42,2.93,3.88,3.52,20665.55,13862.30,3676.57,20850.07,14901.20,9.10
2020-04-01,39.30,24.97,111.13,60.80,87.38,66.73,1950089.00,184826.00,11.31,180415.00,2959.70,4133.98,256.33,268.01,183.91,103.96,104.38,199.07,209.87,186.10,147.23,454.31,27.96,12536.10,17659.20,34.49,753.36,916.09,0.06,0.69,2.47,3.94,3.24,19034.83,12668.72,3145.23,20952.63,14116.30,24.40
2020-07-01,41.00,24.77,111.94,61.60,95.58,73.22,1935150.00,209453.00,15.55,221963.00,2811.31,4152.68,259.24,268.84,194.51,104.82,105.18,202.47,210.43,192.00,165.63,462.27,40.89,16948.20,18416.80,25.81,782.39,976.65,0.09,0.65,2.24,3.33,2.95,20511.79,13793.92,3735.09,21052.64,14733.00,15.00
2020-10-01,41.40,24.98,110.82,61.60,97.09,74.77,1979497.00,210025.00,16.25,232118.00,2641.55,4173.65,261.05,270.01,199.23,105.34,105.64,205.20,211.30,197.47,185.37,472.44,42.52,17600.50,18939.90,25.62,780.12,991.23,0.09,0.85,2.31,3.31,2.76,20724.13,13982.93,3853.09,21153.57,15121.50,12.30
2021-01-01,41.50,25.25,111.47,61.40,97.43,75.53,2022404.00,219923.00,16.51,245356.00,2579.27,4212.86,263.67,271.54,219.17,106.58,106.57,211.30,213.07,209.43,213.33,483.83,58.09,18343.00,19576.60,23.20,766.03,990.58,0.08,1.28,2.69,3.44,2.88,20990.54,14282.58,3820.42,21254.62,15109.70,19.40
2021-04-01,41.50,25.67,111.39,61.60,98.98,77.23,2048013.00,230509.00,16.87,249690.00,2528.17,4310.86,268.62,274.19,231.27,108.21,108.14,217.07,216.27,225.77,229.60,510.74,66.19,19204.00,20362.50,18.00,763.03,990.37,0.07,1.60,2.90,3.58,3.00,21309.54,14745.58,3767.34,21355.87,15385.70,10.30
2021-07-01,41.40,26.13,110.70,61.80,99.77,78.23,2112443.00,226237.00,13.50,255483.00,2436.76,4456.03,272.89,279.33,241.78,109.71,109.42,223.93,220.17,236.82,251.99,539.21,70.58,19690.70,20802.90,18.29,783.56,1017.56,0.09,1.32,2.55,3.24,2.87,21483.08,14848.83,3910.83,21461.04,15495.10,8.40
2021-10-01,41.40,26.60,111.38,61.90,100.80,79.23,2210435.00,228092.00,12.90,262406.00,2446.83,4522.56,278.68,285.94,261.14,111.51,110.81,232.15,224.15,247.82,274.51,557.78,77.33,20244.40,21316.50,19.28,777.61,1009.15,0.08,1.53,2.65,3.31,3.08,21847.60,14995.64,4159.13,21567.14,15542.40,6.30
2022-01-01,41.40,26.99,109.81,62.20,101.73,79.96,2343497.00,229995.00,13.87,270392.00,2507.59,4600.07,284.83,293.03,281.39,113.59,112.43,240.99,229.41,258.51,294.36,578.27,95.18,20584.90,21624.20,25.37,740.27,958.73,0.12,1.92,3.20,3.94,3.82,21738.87,14995.23,4222.45,21673.98,15364.80,3.90
2022-04-01,41.20,27.40,108.69,62.20,102.75,80.60,2455719.00,232132.00,13.41,274202.00,2617.34,4693.74,291.71,301.57,313.26,115.58,113.73,253.21,235.29,274.79,342.43,616.79,108.83,20659.10,21682.30,27.40,682.37,877.87,0.75,2.89,4.00,4.95,5.27,21708.16,15069.17,4105.54,21782.01,15287.50,3.00
2022-07-01,41.00,27.76,108.68,62.30,103.30,80.76,2518262.00,229467.00,13.56,275458.00,2729.46,4779.20,295.51,310.49,303.00,116.91,115.13,253.24,239.30,271.78,334.10,627.11,93.06,20421.20,21590.80,24.79,674.70,862.74,2.16,3.10,4.24,5.35,5.62,21851.13,15127.40,4024.75,21894.19,15429.20,3.20
2022-10-01,40.70,28.12,109.25,62.20,102.66,79.94,2539219.00,227627.00,14.17,276754.00,2791.52,4870.42,298.44,316.46,293.76,118.10,116.46,255.77,241.98,266.25,295.80,622.34,82.79,19941.00,21373.50,25.00,646.38,835.18,3.62,3.83,4.81,5.97,6.66,21989.98,15171.39,4058.49,22006.87,15411.30,3.20
2023-01-01,40.70,28.44,109.10,62.50,102.59,79.56,2543382.00,228917.00,14.97,276345.00,2804.18,4929.74,301.20,320.45,287.04,119.31,117.87,255.55,245.19,262.79,269.48,625.68,75.93,19289.50,21076.80,20.68,668.59,871.41,4.50,3.65,4.52,5.61,6.37,22112.33,15312.85,3963.69,22125.82,15540.70,4.80
2023-04-01,40.80,28.79,109.94,62.60,102.79,79.41,2539997.00,226747.00,15.75,291143.00,2767.23,4963.79,303.47,321.76,278.32,120.05,118.94,252.21,246.71,256.50,248.34,645.14,73.54,18575.90,20792.50,16.44,675.36,879.59,4.98,3.60,4.60,5.69,6.51,22225.35,15343.55,4014.12,22246.23,15617.50,5.10
2023-07-01,40.70,29.10,111.21,62.70,103.20,79.45,2547037.00,228649.00,15.67,287855.00,2760.60,4976.50,306.03,323.69,285.49,120.81,119.54,256.04,247.96,257.41,254.18,657.42,82.25,18267.60,20754.20,15.01,664.18,874.51,5.25,4.15,4.91,5.97,7.04,22490.69,15461.38,4111.05,22369.71,15720.10,4.30
2023-10-01,40.50,29.41,112.09,62.70,102.75,78.85,2550645.00,228387.00,15.71,290014.00,2766.70,5009.63,308.10,325.91,282.32,121.35,120.15,254.84,248.97,255.93,249.53,657.67,78.53,18036.10,20736.60,15.29,663.82,879.96,5.33,4.44,5.21,6.19,7.30,22679.26,15586.67,4118.67,22495.19,15846.00,4.00
